TID,EN,AR,CN,CNT,DE,ES,FA,FI,FR,ID,IT,JP,KR,MS,NL,NO,PT,RU,TH,TR,VI
string,string,string,string,string,string,string,string,string,string,string,string,string,string,string,string,string,string,string,string,string,string
TID_EVENT_TITLE,Mashup Mania!,جنون المزيج,合体狂热！,縫合狂熱！,Mischmaschmanie!,¡Multitropas frenéticas!,دیوانگی درهم‌آمیزی!,Sekoitushulina!,Furieuses fusions !,Fusi Ngeri!,Collage da brividi,禁断の厄災！,매시업 대소동!,Mania Gabungan!,Chaotische gekte!,Mashup-mani!,Maluquice Medonha,Жуткий беспредел!,รวมร่างบ้าระห่ำ!,Deney Çılgınlığı!,Cơn sốt kết hợp!
TID_EVENT_TEXT,"The Builder's Apprentice needs your help! Collect Sour Elixir from Multiplayer Battles, earn Mashup Medals, and put an end to the mania!",يحتاج تلميذ البنّاء إلى مساعدتك! اجمع الإكسير الحمضي من المعارك المتعددة اللاعبين، واربح أوسمة المزيج، وأنهِ هذا الجنون.,建筑工人学徒需要您的帮助！通过联机模式战斗收集酸腐圣水，获取合体奖章，结束这场狂热！,建築工人學徒需要你的幫助！透過多人遊戲戰鬥收集酸腐聖水，獲取縫合幣，結束這場狂熱！,"Der Bauarbeiterlehrling benötigt deine Hilfe! Sammle Saures Elixier in Mehrspieler-Kämpfen, verdiene Mixmedaillen und setze dem Wahnsinn ein Ende!","¡El constructor aprendiz necesita tu ayuda! ¡Consigue elixir ácido, gana medallas de multitropas y ponle fin a este frenesí!",سازنده کارآموز به کمک شما نیاز دارد! از نبردهای چند نفره اکسیر ترش جمع کنید، مدال‌های درهم‌آمیزی را کسب کنید و به این دیوانگی پایان دهید!,"Rakentajan oppipoika kaipaa apuasi! Kerää hapanta eliksiiriä moninpelitaisteluista, ansaitse sekoitusmitaleja ja auta saamaan tämä hulina päätökseen.","L'apprenti ouvrier a besoin de vous ! Récupérez de l'élixir sinistre en combats multijoueurs, gagnez des médailles sinistres et arrêtez les monstres !","Tukang Magang perlu bantuanmu! Kumpulkan Eliksir Edan dari Pertempuran Multipemain, raih Medali Edan, dan akhiri semua kengerian ini!","L'apprendista costruttore ha bisogno del tuo aiuto! Accumula elisir acido dalle battaglie multigiocatore, ottieni medaglie del Collage e poni fine al terrore!",見習い大工が助けを求めています！マルチプレイ戦で禁断のエリクサーを集め、禁断のメダルを手に入れて厄災に終止符を打ちましょう！,"견습 장인에게 대장님의 도움이 필요합니다! 멀티플레이 전투에서 오싹한 엘릭서를 모아 매시업 메달을 획득하고, 이 한바탕 대소동을 끝내세요!","Perantis Pembina perlukan bantuan anda! Kumpul eliksir masam daripada Pertempuran Berbilang Pemain, meraih Pingat Gabungan dan menyelesaikan cabaran mania ini!","De bouwvakkers leerling heeft je hulp nodig! Verzamel zuur elixir via multiplayergevechten, verdien Chaotische gekte-medailles en beëindig de gekte!","Byggerens lærling trenger din hjelp! Samle sur eliksir fra flerspillerslag, tjen mashup-medaljer, og få en slutt på manien!","O Aprendiz de Construtor precisa da sua ajuda! Colete elixir ácido nas batalhas multijogador, ganhe medalhas medonhas e acabe com essa maluquice!","Ученику строителя нужна помощь! Собирайте кислый эликсир в многопользовательских боях, зарабатывайте жуткие медали и остановите беспредел!",ช่างก่อสร้างฝึกหัดต้องการความช่วยเหลือจากท่าน! สะสมน้ำอมฤตหมักจากการต่อสู้แบบผู้เล่นหลายคน รับเหรียญรวมร่าง และปิดฉากความบ้าระห่ำสุดโกลาหล!,"İnşaatçı Çırağının yardımına ihtiyacı var! Çok oyunculu savaşlardan ekşi iksir topla, deney madalyaları kazan ve bu çılgınlığa bir son ver!","Thợ xây học việc đang cần bạn hỗ trợ! Hãy thu thập Tiên dược chua từ các trận chiến nhiều người chơi, kiếm Huy chương kết hợp và chấm dứt sự hỗn loạn này!"
TID_BUTTON_0,Open,فتح,打开,開啟,Öffnen,Abrir,باز کردن,Avaa,Ouvrir,Buka,Apri,開く,열기,Buka,Openen,Åpne,Abrir,Открыть,เปิด,Aç,Mở
BUTTON_0,clashofclans://OpenProgressTrack,clashofclans://OpenProgressTrack,clashofclans://OpenProgressTrack,clashofclans://OpenProgressTrack,clashofclans://OpenProgressTrack,clashofclans://OpenProgressTrack,clashofclans://OpenProgressTrack,clashofclans://OpenProgressTrack,clashofclans://OpenProgressTrack,clashofclans://OpenProgressTrack,clashofclans://OpenProgressTrack,clashofclans://OpenProgressTrack,clashofclans://OpenProgressTrack,clashofclans://OpenProgressTrack,clashofclans://OpenProgressTrack,clashofclans://OpenProgressTrack,clashofclans://OpenProgressTrack,clashofclans://OpenProgressTrack,clashofclans://OpenProgressTrack,clashofclans://OpenProgressTrack,clashofclans://OpenProgressTrack
TID_MEDAL_EVENT_TOKENS_LEFT,Medals left <num>,الأوسمة المتبقية <num>,剩余奖章：<num>,剩餘活動幣：<num>,Übrige Medaillen: <num>,Medallas restantes: <num>,مدال‌های باقیمانده <num>,Mitaleja jäljellä: <num>,Encore <num> médailles,Medali tersisa: <num>,Medaglie rimaste: <num>,残りのメダル：<num>,남은 메달: <num>개,Baki pingat: <num>,Resterende medailles: <num>,Medaljer igjen: <num>,Medalhas restantes: <num>,Осталось медалей: <num>,เหรียญที่เหลือ: <num>,Kalan Madalya: <num>,Huy chương còn lại: <num>
TID_MEDAL_EVENT_SOFT_CURRENCY,Sour Elixir,الإكسير الحمضي,酸腐圣水,酸腐聖水,Saures Elixier,Elixir ácido,اکسیر ترش,Hapanta eliksiiriä,Élixir sinistre,Eliksir Edan,Elisir acido,禁断のエリクサー,오싹한 엘릭서,Eliksir Masam,Zuur elixir,Sur eliksir,Elixir ácido,Кислый эликсир,น้ำอมฤตหมัก,Ekşi İksir,Tiên dược chua
TID_MEDAL_EVENT_HARD_CURRENCY,Mashup Medals,أوسمة المزيج,合体奖章,縫合幣,Mixmedaillen,Medallas de multitropas,مدال‌های درهم‌آمیزی,Sekoitusmitaleja,Médailles sinistres,Medali Edan,Medaglie del Collage,禁断のメダル,매시업 메달,Pingat Gabungan,Chaotische gekte-medailles,Mashup-medaljer,Medalhas medonhas,Жуткие медали,เหรียญรวมร่าง,Deney Madalyaları,Huy chương kết hợp
TID_MEDAL_EVENT_INFO,"Collect Sour Elixir, earn Mashup Medals, and save your Village from Mashup Mania!",اجمع الإكسير الحمضي واربح أوسمة المزيج وأنقذ قريتك من جنون المزيج.,收集酸腐圣水，获取合体奖章，拯救您的村庄，使其免受合体狂热侵害！,收集酸腐聖水，獲取縫合幣，拯救你的村莊，使其免受縫合狂熱侵害！,"Sammle Saures Elixier, verdiene Mixmedaillen und bewahre dein Dorf vor der Mischmaschmanie!","¡Consigue elixir ácido, gana medallas de multitropas y defiende tu aldea de las multitropas frenéticas!",اکسیر ترش جمع کنید، مدال‌های درهم‌آمیزی را کسب کنید و دهکده‌تان را از دیوانگی درهم‌آمیزی نجات دهید!,"Kerää hapanta eliksiiriä, ansaitse sekoitusmitaleja ja pelasta kyläsi sekoitushulinalta!","Récupérez de l'élixir sinistre, gagnez des médailles sinistres et sauvez le village !","Kumpulkan Eliksir Edan, raih Medali Edan, dan selamatkan Desa dari Koalisi Rusuh!","Accumula elisir acido, guadagna medaglie del Collage ed evita che nel tuo villaggio venga seminato il panico!",禁断のエリクサーを集めて禁断のメダルを入手し、禁断の厄災から村を守りましょう！,"오싹한 엘릭서를 모아 매시업 메달을 획득하고, 매시업 대소동으로부터 마을을 지키세요!","Kumpul eliksir masam, meraih Pingat Gabungan dan selamatkan kampung anda daripada Mania Gabungan!","Verzamel zuur elixir, verdien Chaotische gekte-medailles en red je dorp van de chaos!","Samle sur eliksir, tjen mashup-medaljer, og redd landsbyen din fra mashup-manien!","Colete elixir ácido, ganhe medalhas medonhas e salve sua vila da Maluquice Medonha!","Собирайте кислый эликсир, зарабатывайте жуткие медали и остановите беспредел!",สะสมน้ำอมฤตหมัก รับเหรียญรวมร่าง และช่วยหมู่บ้านจากการรวมร่างบ้าระห่ำ!,"Ekşi iksir topla, deney madalyaları kazan ve köyünü deney çılgınlığından kurtar!","Thu thập Tiên dược chua, kiếm Huy chương kết hợp và giải phóng làng khỏi sự hỗn loạn này!"
TID_MEDAL_EVENT_TITLE,Mashup Mania!,جنون المزيج,合体狂热！,縫合狂熱！,Mischmaschmanie!,¡Multitropas frenéticas!,دیوانگی درهم‌آمیزی!,Sekoitushulina!,Furieuses fusions !,Fusi Ngeri!,Collage da brividi,禁断の厄災！,매시업 대소동!,Mania Gabungan!,Chaotische gekte!,Mashup-mani!,Maluquice Medonha,Жуткий беспредел!,รวมร่างบ้าระห่ำ!,Deney Çılgınlığı!,Cơn sốt kết hợp!
TID_MEDAL_EVENT_INFO_SCREEN_1,Attack multiplayer bases to collect Sour Elixir,هاجم القواعد المتعددة اللاعبين لجمع الإكسير الحمضي,发起联机模式战斗，收集酸腐圣水,展開多人遊戲戰鬥，收集酸腐聖水,"Greife Mehrspieler-Basen an, um Saures Elixier zu sammeln.",Ataca las bases en el modo multijugador para conseguir elixir ácido.,به چند پایگاه چندبازیکنه حمله کنید تا اکسیر ترش جمع‌آوری کنید,Hyökkää muiden pelaajien kyliin kerätäksesi hapanta eliksiiriä.,Attaquez des bases en multijoueur pour récupérer de l'élixir sinistre,Serang Desa multipemain untuk meraih Eliksir Edan,Attacca le basi multigiocatore per accumulare elisir acido.,マルチプレイで禁断のエリクサーを回収,멀티플레이 전투에서 공격하여 오싹한 엘릭서를 모으세요.,Serang pangkalan berbilang pemain untuk kumpul Eliksir Masam,Val multiplayerbasissen aan om zuur elixir te verzamelen.,Angrip flerspillerbaser for å samle sur eliksir,Ataque bases de outros jogadores e colete elixir ácido!,Нападайте на базы других игроков и отбирайте у них кислый эликсир.,โจมตีฐานแบบผู้เล่นหลายคนเพื่อเก็บรวบรวมน้ำอมฤตหมัก,Diğer oyuncuların köylerine saldırarak Ekşi İksir kazanırsın.,Tấn công các căn cứ nhiều người chơi để thu thập Tiên dược chua.
TID_MEDAL_EVENT_INFO_SCREEN_2,"Claim rewards including Troops, Medals, and Ore",طالب بمكافآت بما فيها قوات وأوسمة ومعادن خام,领取包括兵种、奖章和矿石在内的多种奖励。,領取兵種、活動幣和礦石等獎勵,"Hol dir Belohnungen wie Truppen, Medaillen und Erze.","Obtén recompensas, como tropas, medallas y minerales.",جوایز، شامل نیروها، مدال‌ها و سنگ معدن را مطالبه کنید,"Lunasta palkintoja, kuten joukkoja, mitaleita ja malmeja.","Récupérez des récompenses : troupes, médailles et minerais","Klaim hadiah yang mencakup Peleton, Medali, dan Mineral!","Ottieni ricompense, tra cui truppe, medaglie e minerali.",ユニット、メダル、鉱石などの報酬を回収,"유닛, 메달, 광석 등의 보상을 받으세요.","Kumpul ganjaran termasuk askar, pingat dan bijih","Claim beloningen zoals troepen, medailles en ertsen.","Hent belønninger som tropper, medaljer og malm","Consiga recompensas como tropas, medalhas e minério!","Получайте награды, включая воинов, медали и руду.",รับรางวัลที่มีทั้งกองกำลัง เหรียญ และแร่,"Birlik, madalya ve cevher gibi ödüller seni bekliyor!","Nhận phần thưởng bao gồm Binh lính, Huy chương và Quặng."
TID_MEDAL_EVENT_INFO_SCREEN_3,Use the unlocked temporary Troops in attacks for more fun!,استخدم القوات المؤقتة المفتوحة في الهجمات لمزيد من المرح.,在战斗中使用已解锁的限时兵种，体验更多乐趣！,在戰鬥中使用已解鎖的限時兵種，體驗更多樂趣！,"Nutze bei Angriffen die freigeschalteten temporären Einheiten, um noch mehr Spaß zu haben!",¡Usa las tropas temporales en ataques y diviértete!,برای سرگرمی بیشتر، از نیروهای موقت بازشده در حملات استفاده کنید!,Tee hyökkäyksistäsi hauskempia käyttämällä avaamiasi väliaikaisia joukkoja!,Utilisez les troupes temporaires au combat pour encore plus de fun !,Gunakan Peleton sementara yang berhasil kamu buka agar serangan jadi lebih seru!,Usa le truppe temporanee sbloccate per divertirti di più!,アンロックした期間限定ユニットを使ってイベントを満喫！,잠금 해제된 기간 한정 유닛을 공격에 사용해 더욱 재밌는 게임 플레이를 즐겨보세요!,Gunakan askar sementara yang dibuka dalam serangan untuk lebih keseronokan!,Gebruik de ontgrendelde tijdelijke troepen in aanvallen voor meer plezier!,"Bruk de opplåste midlertidige troppene i angrep, så blir det enda morsommere!",Use tropas temporárias nos ataques para deixar tudo ainda mais animado!,Используйте в атаках временных воинов.,ใช้กองกำลังชั่วคราวที่ปลดล็อคในการโจมตีเพื่อเพิ่มความสนุก!,Açtığın geçici birlikleri kullandığında savaşlar daha eğlenceli!,"Khi tấn công, hãy sử dụng Binh lính tạm thời đã mở khóa để có trải nghiệm thú vị hơn!"
TID_MEDAL_EVENT_INFO_SCREEN_4,Use collected Mashup Medals for even more rewards at the Trader!,استخدم أوسمة المزيج المجمعة لنيل المزيد من المكافآت لدى التاجر!,使用收集到的合体奖章在商人那里兑换更多奖励！,使用收集到的縫合幣在商人那裡兌換更多獎勵！,Hol dir mit deinen gesammelten Mixmedaillen noch mehr Belohnungen beim Händler!,¡Usa las medallas de multitropas que hayas conseguido para obtener más recompensas con el mercader!,از مدال‌های درهم‌آمیزی جمع‌آوری‌شده استفاده کنید تا جوایز هرچه‌بیشتری نزد بازرگان مطالبه کنید!,Hanki kauppiaalta lisäpalkintoja keräämilläsi karmivilla mitaleilla!,Utilisez vos médailles sinistres pour obtenir encore plus de récompenses chez le négociant !,Gunakan Medali Edan yang terkumpul untuk membeli lebih banyak hadiah lagi di Pedagang!,Spendi le medaglie del Collage dal mercante per ottenere ancora più premi!,集めた禁断のメダルを旅商人の店で豪華報酬と交換！,모은 매시업 메달을 거래상과 거래해 더 많은 보상을 받으세요!,Gunakan Pingat Gabungan yang dikumpul untuk menukar lebih ganjaran dengan pedagang!,Gebruik je verzamelde chaotische gekte-medailles bij de handelaar voor nog meer beloningen!,Med mashup-medaljene dine kan du få enda flere belønninger hos kremmeren!,Use as medalhas medonhas para conseguir ainda mais prêmios no Comerciante!,"Используйте собранные жуткие медали, чтобы получить еще больше наград у торговца!",ใช้เหรียญรวมร่างที่สะสมไว้เพื่อรับรางวัลที่มากยิ่งขึ้นกับพ่อค้า!,Topladığın Deney Madalyalarıyla Tüccardan daha da fazla ödül alabilirsin!,Trao đổi các Huy chương kết hợp đã thu thập được với Thương gia để kiếm thêm nhiều phần thưởng hơn nữa!
TID_MEDAL_EVENT_INFO_SCREEN_TITLE,Mashup Mania!,جنون المزيج,合体狂热！,縫合狂熱！,Mischmaschmanie!,¡Multitropas frenéticas!,دیوانگی درهم‌آمیزی!,Sekoitushulina!,Furieuses fusions !,Fusi Ngeri!,Collage da brividi,禁断の厄災！,매시업 대소동!,Mania Gabungan!,Chaotische gekte!,Mashup-mani!,Maluquice Medonha,Жуткий беспредел!,รวมร่างบ้าระห่ำ!,Deney Çılgınlığı!,Cơn sốt kết hợp!
TID_EVENT_HUB_ACCESS_INFO,Hydra Headstone,رأس الهيدرا,蛇头怪墓碑,蛇頭怪墓碑,Hydragrabstein,Busto de hidra,سنگ قبر هیدرا,Hydra-patsas,Tête d'hydre sculptée,Kepala Hydra,Testa di Idra,ヒドラヘッド,히드라 묘비,Kepala Hidra,Hydragrafsteen,Hydra-gravstein,Cabeça de hidra,Голова гидры,รูปปั้นหินหัวไฮดรา,Hidra Kafası,Tượng đầu quái thú
TID_EVENT_HUB_ACCESS,Hydra Headstone,رأس الهيدرا,蛇头怪墓碑,蛇頭怪墓碑,Hydragrabstein,Busto de hidra,سنگ قبر هیدرا,Hydra-patsas,Tête d'hydre sculptée,Kepala Hydra,Testa di Idra,ヒドラヘッド,히드라 묘비,Kepala Hidra,Hydragrafsteen,Hydra-gravstein,Cabeça de hidra,Голова гидры,รูปปั้นหินหัวไฮดรา,Hidra Kafası,Tượng đầu quái thú
TID_TUTORIAL_MEDAL_EVENT_INTRO1,"Oy, Chief! Guess what?",مرحبًا أيها الزعيم! خمن ما حدث؟,喂，首领！您猜怎么着？,喂，首領！你猜怎麼了？,"Hey Häuptling, weißt du was?",¡Oye! ¿Sabes qué?,اوه رئیس! حدس می‌زنید چه اتفاقی افتاده؟,Hei päällikkö! Arvaas mitä?,"Chef, devinez quoi !","Oy, Chief! Coba tebak?",Ehilà! Indovina cos'è successo?,やあ、チーフ！実はさ...,"안녕하세요, 대장님! 말씀드릴 게 있어요!","Hei, Ketua! Tahu tak?",Hé Chief! Raad eens?,"Hei, høvding! Hør på dette!","Ei, chefe! Adivinha só!","Здорово, вождь! Ты не поверишь...",เฮ้ย ท่านหัวหน้า ท่านรู้อะไรป่ะ?,"Hey, şef! Bil bakalım ne oldu?","Này, Chỉ huy! Biết gì không?"
TID_TUTORIAL_MEDAL_EVENT_INTRO2,I found a big ole' creepy statue in the woods. Perfect for our spooky celebrations!,وجدت تمثالًا كبيرًا ومخيفًا في الغابة. مثالي لاحتفالاتنا المخيفة!,我在树林里找到了一座巨大且诡异的古老雕像，超级适合我们的恐怖庆典！,我在樹林裡找到了一個巨大且詭異的古老雕像，超級適合我們的恐怖慶典！,"Ich habe eine große, schaurige Statue im Wald gefunden. Perfekt für unsere finsteren Feierlichkeiten!",He encontrado una estatua enorme y bastante siniestra en el bosque. ¡Perfecta para esta época tan terrorífica!,من یک مجسمه ترسناک قدیمی بزرگ را در جنگل پیدا کردم. برای جشن‌های شبح‌وار ما فوق‌العاده مناسب است!,Löysin metsästä aika karmaisevan patsaan. Olis täydellinen kummitusjuhliin!,J'ai trouvé une grosse statue bien flippante dans la forêt. C'est parfait pour Clash-O-Ween !,Aku menemukan patung besar yang mengerikan di hutan. Ini bisa jadi hiasan sempurna untuk perayaan seram di Desa kita!,Ho trovato una statua davvero inquietante nella foresta che è perfetta per le decorazioni di Clash-O-Ween!,森の中で、大きくて不気味な像を見つけたんだ。クラッシュウィンにピッタリだと思わない？,숲에서 엄청나게 소름 끼치는 거대한 조각상을 발견했어요. 오싹한 축제에 딱 어울릴 거예요!,Saya menjumpai patung besar yang menakutkan di dalam hutan. Sesuai sekali untuk perayaan seram ini!,Ik heb een groot griezelig standbeeld gevonden in het bos. Perfect voor onze spookachtige festiviteiten!,"Jeg fant en stor, nifs statue i skogen. Den er perfekt for den nifse feiringen vår!",Achei uma estátua sinistra na floresta. Ela é perfeita para a nossa festa!,Я нашел в лесу огромную жуткую статую. Самое то для страшного праздника.,ข้าเจอรูปปั้นสุดสยองขนาดใหญ่ยักษ์ในป่า เหมาะสำหรับงานเลี้ยงหวีดสยองของเราเลยล่ะ,Ormanda tüyler ürpertici dev bir heykel buldum. Kutlamalarımız için birebir!,Tôi đã tìm thấy một bức tượng khổng lồ đáng sợ trong rừng. Thật hoàn hảo cho mùa lễ ma quái này!
TID_TUTORIAL_MEDAL_EVENT_INTRO3,"But if you ask me, I think this thing might actually be... ekk! Haunted!",لكن إذا سألتني، أعتقد أن هذا الشيء قد يكون في الواقع... آه! مسكونًا!,但如果您问我，我觉得这东西可能……呃，挺邪乎！,但如果你問我，我覺得這東西可能……呃，有點邪門！,"Aber wenn du mich fragst, ist dieses Ding tatsächlich ... verhext!","Pero no sé, la verdad, creo que es posible que esa cosa esté... ¡Encantada!",اما اگر از من بپرسید، فکر می‌کنم این چیز در واقع شاید... وای! شبح‌زده باشد!,"No, totta puhuen se saattaa kyllä olla... voi jumpe... kirottu!","Mais si vous voulez mon avis, je crois qu'elle pourrait bien être... hantée !","Tapi, setelah kupikir-pikir lagi ... jangan-jangan patung ini keramat!",Ma qualcosa mi dice che è... infestata!,でも、これってもしかして... ひいっ！呪われてる！,"그런데 말이죠, 사실 이게... 으! 아무래도 귀신같은 게 들린 것 같아요!",Tetapi saya rasa... benda ni mungkin disumpah!,"Maar als je het mij vraagt, denk ik dat dit ding eigenlijk... bezeten is!","Men spør du meg, tror jeg saken faktisk kan være ... usj ... hjemsøkt!",Sabe de uma coisa? Acho que esse troço é... mal-assombrado!,"Только вот... Мне кажется, она проклята.",แต่ถ้าท่านถามข้า ข้าว่ามันอาจจะ... บรึ๋ยส์! มีผีสิง!,Bana sorarsan bu... Lanetli olabilir!,Nhưng theo tôi thấy thì... có vẻ như là nó bị... à... quỷ ám vậy!
TID_TUTORIAL_MEDAL_EVENT_INTRO4,"Why? Well, when I touched it, it gave me this gloomy new look.",لماذا؟ حسنًا، عندما لمسته، منحني هذا المظهر الجديد القاتم.,为什么这么说呢？我碰到它的时候，它就把我变成了现在这个阴森的样子。,為什麼這麼說呢？我碰到它的時候，它就把我變成了現在這個陰森的樣子。,"Warum? Nun, als ich es berührte, bekam ich diesen düsteren neuen Look.",¿Que por qué? Pues porque cuando la toqué me dio este nuevo aspecto tenebroso...,چرا؟ خب، وقتی لمسش کردم، این ظاهر جدید تاریک را به من داد.,"Ai mistä tiedän? Koskin sitä, niin aloin näyttää aika karulta.","Pourquoi ? Ben, quand je l'ai touchée, elle m'a lancé un regard qui foutait la chair de poule !","Kenapa? Karena saat patung ini kusentuh, auraku jadi lebih suram.","Perché, mi chiedi? Beh, quando l'ho toccata, mi ha lanciato uno sguardo davvero spaventoso!",これは...？像に触ったら、不気味な姿に変身しちゃった。,왜냐고요? 제가 조각상을 만지자마자 아주 음울한 모습으로 바뀌었거든요.,"Kenapa? Hmm, sebab bila saya sentuh benda ni, rupa dia ni buat bulu saya meremang.","Waarom? Nou, toen ik het aanraakte, gaf het me een sombere blik.","Hvorfor? Jo, for da jeg tok på den, fikk jeg et dunkelt nytt utseende.","Por quê? Bem, depois que toquei na estátua, fiquei com esse visual esquisito.","Почему? Да потому, что я стал выглядеть иначе, когда коснулся ее.",ทำไมนะหรอ? เพราะพอข้าจับรูปปั้น อยู่ดีๆ ข้าก็รู้สึกขนหัวลุก,Niye mi? Ona dokununca böyle iç karartıcı bir görünüm kazandım.,Tại sao ư? Sau khi chạm vào nó thì diện mạo của tôi trở nên u ám như thế này đây.
TID_TUTORIAL_MEDAL_EVENT_INTRO5,AND it unleashed Sour Elixir and spooky Troops everywhere!,وأطلق الإكسير الحمضي والقوات المخيفة في كل مكان.,而且它还搞得到处都是酸腐圣水和可怕的兵种！,而且它還搞得到處都是酸腐聖水和可怕的兵種！,UND es hat überall Saures Elixier und Gruseltruppen freigesetzt!,¡Y desató tropas espeluznantes y elixir ácido por todas partes!,و اکسیر ترش و نیروهای شبح‌وار را همه جا رها کرد!,Lisäksi se levitti hapanta eliksiiriä ja pelottavia joukkoja joka paikkaan!,ET elle a craché de l'élixir sinistre et libéré des troupes effrayantes de partout !,"TIDAK HANYA ITU, dia juga mengeluarkan Eliksir Edan dan Peleton seram di mana-mana!",E poi ha generato elisir acido e truppe da brividi a destra e a manca!,しかも、禁断のエリクサーと恐ろしいユニットをまき散らしてるよ！,게다가 오싹한 엘릭서와 으스스한 유닛들이 여기저기서 나타나지 뭐예요!,DAN patung ni mewujudkan Eliksir Masam dan askar seram di merata-rata!,EN het heeft overal zuur elixir en spookachtige troepen verspreid!,OG den slapp ut sur eliksir og nifse tropper overalt!,"Além disso, a estátua gerou elixir ácido e um montão de tropas sinistras!",А еще теперь повсюду кислый эликсир и жуткие воины!,แล้วรูปปั้นก็ปลดปล่อยน้ำอมฤตหมักและกองกำลังสุดสยองออกมาทั่วไปหมด!,BİR DE her yere ekşi iksir ve korkutucu birlikler saçıldı!,VÀ nó còn tuôn ra hàng đống Tiên dược chua cùng Binh lính hắc ám ở khắp nơi nữa!
TID_TUTORIAL_MEDAL_EVENT_INTRO6,GWAHAHAH!,غواهاهاه!,嗷~嗷~,哇哈哈哈！,MUAHAHAH!,¡MUAJAJAJAJA!,یوها ها ها ها!,HAHAHAHA!,MWHAHAHA !,HUAHAHAHAHA!,Muah ah ah ah ah!,グワーッハッハッハッ！,우하하하!,GWAHAHAH!,GWAHAHAH!,GWAHAHAH!,MUA HA HA HA!,МУА-ХА-ХА-ХА!,อ๊ากกก!,MUAHAHAH!,A HA HA HA!
TID_TUTORIAL_MEDAL_EVENT_INTRO7,"Oh geez, Chief! It was an accident I promise! But maybe we can fix this.",يا إلهي يا زعيم! كان ذلك حادثًا بالتأكيد، لكن ربما يمكننا إصلاح ما حدث.,天啊，首领！我保证那是个意外！但也许我们可以解决这个问题。,天啊，首領！我保證那是個意外！但也許我們可以解決這個問題。,"Oh je, Häuptling! Das wollte ich nicht! Aber vielleicht können wir es irgendwie in Ordnung bringen.","¡Uy, perdona! ¡Te juro que ha sido un accidente! Pero quizás podamos arreglarlo.",ای وای رئیس! این یک اتفاق بود قول می‌دهم! اما شاید بتوانیم آن را درست کنیم.,"Voi ei, päällikkö! Se oli ihan oikeasti vahinko, mutta eiköhän homma saada kuntoon.","C'est quoi, ça ?! Chef, c'était un accident, je le jure ! Je suis sûr qu'on peut arranger ça !","Aduh. Maaf, Chief! Tadi hanya keceplosan, sungguh. Kita pasti bisa memperbaiki semua ini.","Oh cielo! Non l'ho fatto apposta, lo giuro! Ma forse c'è un modo di sistemare le cose.",チーフ... これはちょっとした事故だよ。でもなんとかできるはずだから、安心して。,"이런, 대장님! 방금 그건 그냥 사고였어요. 정말로요! 하지만 해결할 수 있을 거예요.","Oh, Ketua! Ini satu kemalangan! Mungkin kita boleh betulkannya.","O nee, Chief! Ik beloof dat het een ongeluk was, maar misschien kunnen we het oplossen.","Jøye meg, høvding! Jeg lover at det var et uhell! Men det er mulig vi kan fikse dette.","Nossa, chefe! Juro que foi um acidente! Talvez eu consiga dar um jeito nisso.","Ох, вождь... Клянусь, это вышло случайно. Может, еще получится все исправить.",อุ๊ย ขอโทษนะ ท่านหัวหน้า! ข้าสาบานได้ว่ามันเป็นอุบัติเหตุจริงๆ! บางทีเราอาจจะแก้ไขได้,"Şefim, yemin ederim kazara oldu! Belki bunu düzeltebiliriz.","Ôi trời, Chỉ huy ơi! Đó chỉ là tai nạn thôi, tôi thề! Chắc là chúng ta sẽ sửa chữa được thôi."
TID_TUTORIAL_MEDAL_EVENT_INTRO8,Raid Villages to collect Sour Elixir and put it back in the statue to earn Mashup Medals.,شن غارات على القرى لتجمع الإكسير الحمضي وأعده إلى التمثال لتربح أوسمة المزيج.,进攻村庄，收集酸腐圣水，然后将酸腐圣水放进雕像以获取合体奖章。,進攻村莊，收集酸腐聖水，然後將酸腐聖水放進雕像以獲取縫合幣。,"Überfalle Dörfer, um Saures Elixier zu sammeln, und bring es zur Statue zurück, um Mixmedaillen zu verdienen.",Asalta aldeas para obtener elixir ácido y dáselo a la estatua para ganar medallas de multitropas.,به دهکده‌ها یورش ببرید تا اکسیر ترش جمع کنید و آن را دوباره در مجسمه قرار دهید تا مدال‌های درهم‌آمیزی را کسب کنید.,"Ryöstä hapanta eliksiiriä kylistä ja palauta se patsaaseen, niin ansaitset sekoitusmitaleja.",Attaquez des villages pour récupérer de l'élixir sinistre et donnez-le à la statue.,"Jarah Desa untuk mengumpulkan Eliksir Edan, lalu kembalikan Eliksir Edan ke patung ini untuk meraih Medali Edan.",Accumula elisir acido assaltando i villaggi e rimettilo nella statua per guadagnare medaglie del Collage.,村を攻撃して集めた禁断のエリクサーを像に注いで、禁断のメダルを手に入れるんだ。,"마을을 습격해 오싹한 엘릭서를 모아, 이를 조각상에 돌려놓고 매시업 메달을 얻으세요.",Serbu kampung untuk kumpul Eliksir Masam dan kembalikannya kepada patung untuk meraih Pingat Gabungan.,Plunder dorpen om zuur elixir te verzamelen en doe het terug in het standbeeld om Chaotische gekte-medailles te verdienen.,"Plyndre landsbyer for å samle sur eliksir, og hell den tilbake i statuen for å tjene mashup-medaljer.",Ataque vilas para coletar elixir ácido e coloque-o na estátua para ganhar medalhas medonhas.,"Нападай на деревни и собирай кислый эликсир, чтобы поместить его обратно в статую и получить жуткие медали.",ปล้นสะดมหมู่บ้านเพื่อสะสมน้ำอมฤตหมักและใส่กลับเข้าไปในรูปปั้นเพื่อรับเหรียญรวมร่าง,Köylere baskın yaparak ekşi iksir topla ve bu iksirleri heykele geri koyup deney madalyaları kazan.,Đột kích các ngôi làng để thu thập Tiên dược chua và đổ chúng vào lại trong bức tượng để kiếm Huy chương kết hợp.
TID_TUTORIAL_MEDAL_EVENT_INTRO9,Trade Mashup Medals you collect from the statue to get some neat rewards!,بادل أوسمة المزيج التي تجمعها من التمثال لتحصل على بعض الجوائز الممتازة.,从雕像中收集到的合体奖章可用来兑换超赞奖励,從雕像中收集到的縫合幣可用來兌換超讚獎勵,Tausche die von der Statue gesammelten Mixmedaillen gegen tolle Belohnungen ein!,Intercambia las medallas de multitropas que obtengas de la estatua para conseguir recompensas geniales.,مدال‌های درهم‌آمیزی را که از مجسمه جمع می‌کنید، مبادله کنید تا پاداش‌های معرکه‌ای دریافت کنید!,Vaihda patsaasta keräämiäsi sekoitusmitaleja siisteihin palkintoihin!,Échangez vos médailles sinistres contre des récompenses !,Tukarkan Medali Edan yang terkumpul dengan hadiah keren!,"In cambio di queste medaglie, potrai ottenere delle ricompense davvero incredibili!",像から集めた禁断のメダルは、素敵な報酬と交換できるよ！,조각상에서 수집한 매시업 메달을 멋진 보상과 교환하세요!,Tukar Pingat Gabungan yang dikumpul daripada patung untuk ganjaran menarik!,Ruil Chaotische gekte-medailles van het standbeeld in voor mooie beloningen!,"Bytt bort mashup-medaljer du samler fra statuen, mot fin-fine belønninger!",Troque as medalhas medonhas coletadas para ganhar recompensas incríveis!,"Обменивай жуткие медали, которые получишь из статуи, на крутые награды.",แลกเหรียญรวมร่างที่ท่านสะสมได้จากรูปปั้นเพื่อรับรางวัลเจ๋งๆ!,Heykelden topladığın deney madalyaları karşılığında güzel ödüller alabilirsin!,Dùng Huy chương kết hợp mà bạn thu thập được từ bức tượng để đổi lấy các phần thưởng hấp dẫn!
TID_TUTORIAL_MEDAL_EVENT_INTRO10,"Come on, Chief! Let's clean this mess up, and put that Sour Elixir back where it belongs!",هيا أيها الزعيم! لننظف هذه الفوضى، ونُعيد الإكسير الحمضي من حيث أتى.,来吧，首领！让我们把这里收拾干净，把酸腐圣水放回原处！,來吧，首領！讓我們把這裡收拾乾淨，把酸腐聖水放回它該去的地方！,"Los, Häuptling! Beseitigen wir das Chaos und bringen das Saure Elixier an Ort und Stelle zurück!",¡Vamos a limpiar este desastre y a devolver ese elixir ácido adonde pertenece!,بیایید، رئیس! بیایید این افتضاح را درست کنیم و آن اکسیر ترش را به جایی که به آن تعلق دارد برگردانیم!,"Okei päällikkö! Korjataan tämä sotku palauttamalla hapan eliksiiri sinne, mihin se kuuluu.","Allez, chef ! Faut qu'on nettoie tout ça et qu'on remette l'élixir sinistre à sa place !","Ayo, Chief! Mari kita bereskan kekacauan ini dan kembalikan Eliksir Edan ke tempat dia berasal!","Cosa aspetti, quindi? Mettiamoci subito al lavoro per rimettere a posto l'elisir acido!",さあ、チーフ！この厄災を阻止して、禁断のエリクサーを元の場所に戻そう！,"대장님, 서두르세요! 이 난장판을 정리하고 오싹한 엘릭서를 원래 있던 곳으로 되돌려 놓아야 해요!","Ayuh, Ketua! Mari bersihkan tempat ini dan kembalikan Eliksir Masam ke tempat asalnya!","Kom op, Chief! Laten we deze rommel opruimen en het zure elixir terugdoen waar het hoort!","Kom igjen, høvding, så gjør vi det rent og pent her og putter den sure eliksiren tilbake der den hører hjemme!","Chefe, vamos limpar essa bagunça e devolver o elixir ácido para o seu devido lugar!","За дело, вождь! Давай приведем все в порядок и вернем кислый эликсир туда, где ему и место!",ไปกันเถอะ ท่านหัวหน้า! เรามาจัดการกองกำลังพวกนี้และส่งน้ำอมฤตหมักกลับบ้านเก่ากัน!,"Haydi, şef! Ekşi iksirleri ait oldukları yere döndürelim ve bu işi düzeltelim!","Nào, Chỉ huy! Cùng nhau dọn dẹp và trả số Tiên dược chua đó về đúng chỗ nào!"
TID_TUTORIAL_MEDAL_EVENT_INTRO11,Maybe our spooky new friends can help us out too!,ربما يمكن لأصدقائنا المخيفين الجدد مساعدتنا أيضًا.,也许我们那些可怕的新朋友们也能帮上忙！,也許我們那些可怕的新朋友們也能幫上忙！,Vielleicht können uns unsere gruseligen neuen Freunde dabei helfen!,¡Puede que nuestros nuevos amiguitos tenebrosos puedan ayudarnos!,شاید دوستان جدید ترسناک ما نیز بتوانند کمکمان کنند!,Ehkä nämä uudet karmivat kaveritkin voivat olla avuksi!,Peut-être que nos nouveaux amis étranges peuvent nous aider !,Mungkin kawan-kawan seram kita juga bisa ikut membantu?,Forse i nostri nuovi inquietanti amici possono darci una mano!,不気味なユニットたちも力を貸してくれるかも！,우리의 오싹한 새 친구들이 도움이 될 것 같네요!,Mungkin kawan seram baharu kita ini boleh bantu juga!,Misschien kunnen onze spookachtige nieuwe vrienden ons ook helpen!,Kanskje de nifse nye vennene våre også kan hjelpe!,Talvez nossos amigos mal-encarados possam nos ajudar!,"Может, наши новые жуткие приятели помогут нам?",บางทีเพื่อนใหม่สุดสยองของเราก็อาจจะช่วยได้เหมือนกันนะ!,Belki korkunç arkadaşlarımız da bize yardım eder!,Biết đâu những người bạn đáng sợ kia có thể sẽ giúp được ta đấy!
TID_TUTORIAL_MEDAL_EVENT_OUTRO1,"Oy! Not bad, Chief.",يا إلهي! ليس سيئًا يا زعيم.,嘿！不错嘛，首领。,嘿！不錯啊，首領。,"Hey! Nicht schlecht, Häuptling!","¡Eh, no lo has hecho nada mal!",آی! بد نیست رئیس.,"Ei hullumpaa, päällikkö!","Pas mal, chef !","Oy! Boleh juga, Chief.","Però, niente male!",やった！成功だよ、チーフ！,"꽤 잘 해내셨네요, 대장님.","Boleh tahan ni, Ketua.","Hé! Niet slecht, Chief.","Oi! Ikke verst, høvding.","Mandou bem, chefe!","Неплохо, вождь!",เฮ้ย! ไม่เลวเลย ท่านหัวหน้า,"Hiç fena değil, şef!","Ồ! Không tệ đâu, Chỉ huy."
TID_TUTORIAL_MEDAL_EVENT_OUTRO2,That Sour Elixir is outta here! And so are those spooky Troops!,خرج الإكسير الحمضي إلى هنا! وكذلك تلك القوات المخيفة.,那些酸腐圣水不见了！那些可怕的兵种也消失了！,那些酸腐聖水不見了！那些可怕的兵種也消失了！,Das Saure Elixier ist weg! Und diese Gruseltruppen auch!,¡Nos hemos librado del elixir ácido y de las tropas espeluznantes!,آن اکسیر ترش از اینجا خارج شده! و آن نیروهای ترسناک هم!,Hapanta eliksiiriä on tuolla ympäriinsä. Ja niin on karmivia joukkojakin!,On s'est débarrassé de l'élixir sinistre ! Et de ces troupes étranges par la même occasion !,"Eliksir Edan sudah lenyap, dan begitu pula para Peleton seram!",Hai ripulito il villaggio da tutto quell'elisir acido! E sono sparite anche le truppe spaventose!,禁断のエリクサーが消え去った！あの不気味なユニットたちもね！,오싹한 엘릭서가 모두 사라졌네요! 으스스한 유닛들도 함께요!,Eliksir Masam dah tiada! Askar seram dah hilang juga!,Dat zure elixir is weg en die spookachtige troepen ook!,Den sure eliksiren er borte! Og det er de nifse troppene også!,O elixir ácido e aquelas tropas sinistras sumiram!,От кислого эликсира мы избавились. И от тех жутких воинов тоже.,น้ำอมฤตหมักก็หายไปหมดแล้ว! กองกำลังสุดสยองนั้นก็ด้วยเช่นกัน!,Ekşi iksir sonunda gitti! Hem de o korkunç birliklerle birlikte!,Chỗ Tiên dược chua ở đây đã được dọn sạch! Cả số Binh lính đáng sợ kia nữa!
TID_TUTORIAL_MEDAL_EVENT_OUTRO3,Looks like everything is back to normal.,يبدو أن كل شيء عاد إلى طبيعته.,看来一切都恢复正常了。,看來一切都恢復正常了。,"Sieht so aus, als sei alles wieder beim Alten.",Parece que todo ha vuelto a la normalidad.,به نظر می‌رسد همه چیز به حالت عادی برگشته است.,Kaikki on kai taas ennallaan.,On dirait que tout est comme avant.,Sepertinya semua sudah kembali normal.,Direi che tutto è tornato com'era...,何もかも元に戻ったみたい。,모두 정상으로 돌아온 것 같아요.,Nampaknya semua dah kembali normal.,Het lijkt erop dat alles weer normaal is.,Det virker som alt er normalt.,Parece que tudo voltou ao normal.,"Похоже, все вернулось в привычное русло.",ดูเหมือนทุกอย่างจะกลับมาปกติแล้วนะ,Her şey normale dönmüş görünüyor.,Có vẻ mọi thứ đã trở lại bình thường.
TID_TUTORIAL_MEDAL_EVENT_OUTRO4,Except for…,باستثناء...,除了……,除了……,Bis auf ...,Excepto una cosa...,به‌جز…,Paitsi...,Sauf...,Kecuali ...,Fatta eccezione per...,だけど...,단 하나만 빼고요...,Cuma...,Behalve…,Bortsett fra ...,"Aliás, quase tudo...",Кроме...,ยกเว้นก็แต่...,Sadece benim...,Ngoại trừ…
TID_TUTORIAL_MEDAL_EVENT_OUTRO5,Hehe! I guess it was just a phase.,هيهي! أعتقد أنها كانت مرحلة عابرة.,嘻嘻！我猜这只是一个阶段。,嘻嘻！我猜這只是其中一個階段。,"Hihi! Ich schätze, das war nur eine Phase.","¡Ja, ja! Supongo que solo fue una fase.",هاها! حدس می‌زنم فقط دوره‌ای بود که رد شد.,Hahaha! Se taisi olla vain joku vaihe.,"C'était juste une phase, ok ?!",Hehe! Biarkan saja ... Dia sedang mencari jati diri.,"Ah, forse era solo una fase.",へへっ！たまにはああいうのもいいかも。,헤헤! 그냥 잠깐의 해프닝이었나 봐요.,Hehe! Rasanya ini cuma satu fasa.,Hehe! Misschien was het maar een fase.,Hehe! Det var sikkert bare en fase.,He he he! Foi só uma fase...,"Хе-хе... Не знаю, что на меня нашло.",ฮ่าๆ สงสัยเป็นแค่ช่วงที่ผ่านมาเท่านั้นมั้ง,Hehe! Sanırım sadece geçici bir durumdu.,He he! Chắc chỉ là một giai đoạn ngắn thôi.
