TID,EN,FR,DE,ES,IT,NL,NO,PT,TR,JP,CN,KR,RU,AR,CNT,FA,ID,MS,VI,TH,FI
string,string,string,string,string,string,string,string,string,string,string,string,string,string,string,string,string,string,string,string,string,string
TID_EVENT_TITLE_GOLDENAID,Golden Aid,Assistance en or,Goldene Hilfe,Ayuda dorada,"""Cascata d''oro""'",Gouden hulp,Gyllen hjelp,Ajuda áurea,Altın Yardımı,金色の救済,金币支援,골드가 왔습니다,Золото в помощь,مساعدة من ذهب,金幣支援,یاری طلایی,Sumbangan Emas,Bantuan Emas,Tiếp tế Vàng,ตกถังทองคำ,Puhdasta kultaa
TID_EVENT_TITLE_RESOURCERELIEF,Resource Relief,Ressourcé,Ressourcenreserve,Reserva de recursos,Riserve di risorse,Grondstofweelde,Ressurshjelp,Renovando recursos,Kaynak Bolluğu,資源支援,资源支援,"휴, 자원이다",Второе дыхание,معونة الموارد,及時補給,مملوء از منبع,Sumbangan Sumber Daya,Bantuan Sumber,Giải tỏa Tài nguyên,แหล่งทรัพยากร,Reteet resurssit
TID_EVENT_TITLE_SKILLEDBUILD,Skilled to Build,As du marteau,Bauanleitung,Bastión de construcción,Mastro carpentiere,Bouwskills,Byggebravader,Campeão da construção,Fırsat İnşaat,建設マスター,鬼斧神工,건설 마스터,Пропуск на стройку,تقنيات البناء,鬼斧神工,مهارت ساختن,Dilatih untuk Membangun,Kemahiran Membina,Cử nhân Xây dựng,ยอดนักสร้าง,Remonttireiska
TID_EVENT_TITLE_SPELLCHECK,Spell Check,Sous le sort,Zauberhilfe,Pócima mágica,ABC degli incantesimi,Spreuken en wijsheden,Formel 1–2–3,Feitiço rebuliço,Büyülü Çift,呪文の強化,法术精进,스펠 체크,Юный алхимик,خبير التعويذات,法術無邊,طلسم تسلیم,Periksa Ejaan Mantra,Ramuan Sihir,Kiểm tra Thần chú,รวมมิตรเวทมนตร์,Loitsut kuntoon
TID_EVENT_TITLE_WALLNOTHING,Wall or Nothing,Murs imprenables,"Mauern, was das Zeug hält!",Muros seguros,Un muro è per sempre,Muurproef doorstaan,"Ny mur, aldri sur",Muro ou nada,Duvar Döşer,壁一重,建墙不息,포에버 장벽,Голые стены,الجدار العظيم,建牆不屈,یا دیوار یا هیچی,Tembok atau Dicaplok,Bukit Benteng,Vạn lý Tường thành,เสริมพลังกำแพง,Muurikuuri
TID_EVENT_TITLE_ZEROTOHERO,Zero to Hero,Super héros,Vom Feigling zum Helden,Heroificación,Eroi alla carica,Held op sokken,Helt rå,De dodói a herói,Sıfırdan Kahraman,ヒーローの素,英雄崛起,슈퍼 영웅,Из грязи в князи,درب الأبطال,英雄崛起,از قعر تا قهرمان,Pecundang Jadi Pahlawan,Perwira Perkasa,Hỗ trợ Tướng,กำเนิดผู้กล้า,Sankaritarina
TID_EVENT_TITLE_FIGHTCLUB,Fight Club,Fight club,Klub der Helden,El club de la lucha,Fight Club,Vechtclub,Slåsseklubb,Clube da luta,Dövüş Kulübü,ファイトクラブ,战斗书会,파이트 클럽,Бойцовский клуб,نادي القتال,鬥陣讀書會,باشگاه مشت‌زنی,Gila Bertarung,Kelab Laga,Sàn đấu Sinh tử,สโมสรนักสู้,Fight Club
TID_EVENT_TITLE_FIGHTNIGHT,Fight Night,Nuit pugiliste,Kampfkunstkompendium,Mucha lucha,Botte da orbi,Vechtnacht,Kampkveld,Noite de açoite,Dövüş Gecesi,戦いの夜,一战成名,전투의 밤,Бой всей гурьбой,ليلة المعركة,一戰成名,شب جنگ,Malam Pertarungan,Malam Melaga,Đêm đấu Sinh tử,คืนหมัดมวย,Taistovaisto
TID_EVENT_TITLE_HOLDMYGOLD,Hold my Gold,"""Raison d''or""'",Projekt Gold,Tesoro de oro,Al lavORO,Hou jij me goud effe vast,Hold gullet mitt,"""Abasteced''ouro""'",Altın Fırsat,ゴールド活用法,整装待发,"장인, 골드를 부탁해",Держи карман шире,أعمدة الذهب,整裝待發,خشت طلایی,Simpanan Emas,Simpan Emasku,Tăng gia Sản xuất,กรุทองคำ,Kultainen urakka
TID_EVENT_TITLE_LOCOMOTION,Potion Locomotion,Notions de potions,Trank sei Dank!,Recursos y construcción,Pozioni e costruzioni,Drankje-bedankje,Ressurssterk drikk,Loco-poção,İksir Promosyonu,ポーションの効果,药到功成,포션 먹고 뚝딱,Зелье на новоселье,لوازم البناء,藥到功成,معجون سازندگی,Gejolak Ramuan,Gerak Alih Posyen,Tài nguyên Bội thu,น้ำยาสารพัด,Resurssi ja remontti
TID_EVENT_TITLE_QUICKELIXIR,Quicker Elixir,Vif élixir,Elixierturbo,Elixir dinámico,Elisir rapido,Snelelixir,Raskere eliksir,Elixir para fluir,Hızlı İksir,エリクサー支援,圣水满溢,엘릭서 천국,Добавка эликсира,تسريع الإكسير,聖水滿溢,اکسیر سرعتی,Eliksir Cepat,Eliksir Pantas,Thêm Tiên dược,น้ำอมฤตเร่งด่วน,Eliksiiritys
TID_EVENT_TITLE_FINISHINGTOUCH,Finishing Touch,Méticuleux,Feinschliff,Toque final,Tocco finale,Laatste hand,En siste finpuss,Toque final,Son Rötuşlar,最後の仕上げ,添砖加瓦,화룡점정,Финальный штрих,اللمسة النهائية,畫龍點睛,میخ آخر,Sentuhan Terakhir,Sentuhan Pembina,Xây dựng Cấp tốc,บ้านสวยด้วยมือเรา,Viimeinen silaus
TID_EVENT_TITLE_TRAGICMAGIC,Tragic Magic,Magique tragique,Zauberzertifikat,Tragicomagia,Scuola di magia,Tragisch en magisch,Tragisk magisk,Mágica trágica,Büyü Köyü,悲劇の魔法,磨砺魔力,마법 천사,Магия-шмагия,السحر القديم,磨礪魔力,جادوی جالب,Sihir Magis Tragis,Mengasah Sihir Keajaiban,Thần chú Thần kỳ,ร่ายเวทย์,Traaginen maaginen
TID_EVENT_TITLE_TRIPLETHREAT,Triple Threat,Triple menace,Dreifachbedrohung,Triple amenaza,Tripla minaccia,Driedubbele dreiging,Tredobbel trussel,Ameaça tripla,Tehlikeli Üçlü,ポーション盛り合わせ,水到渠成,무적의 트리오,Тройная угроза,التهديد الثلاثي,水到渠成,خطر سه برابر,Ancaman Lipat Tiga,Ancaman Gandaan Tiga,Nguy hiểm gấp ba,รวมพลังคูณสาม,Roimasti rohtoa
TID_EVENT_TITLE_EOS_BATTLEBOOST,Battle Boost,Boost de bataille,Kampfkönig,¡A dar guerra!,Marcia in più,Gevechtsboost,Stridsboost,Força na luta,Savaş Desteği,戦闘ブースト,战场强援,전투 부스트,Боевой клич,عتاد الحرب,戰力加持,تقویت تاریک,Pertempuran Ekstra,Galakan Pertempuran,Cường hóa Chiến đấu,พลังนักรบ,Taisteluteho
TID_EVENT_TITLE_EOS_BEHOLDTHEGOLD,Behold the Gold,"""L''or des runes""'",Pures Gold,Construcción y oro,"""Periodo d''oro""'",Aanschouw het goud,Ingen tull med gull,Ouro vindouro,Külçe Külçe Altın,ゴールドコントロール,堆金成山,보아라 골드다,Золотой резерв,كنز البنّاء,點石成金,طلای زیر خاکی,Tembok Emas,Emas Runtuh,Chiêm ngưỡng Vàng,เปิดหีบทองคำ,Kulta kultasein
TID_EVENT_TITLE_EOS_BRAWLBREW,Brawl Brew,Boisson pour la bagarre,Pures Gold,Sed de lucha,Elisir scacciapensieri,Knokbrouwsel,Bråkebrygg,Bom de briga,Savaş İçeceği,戦いの烽火,乱斗利器,싸움꾼 제조,Боевая подготовка,مشروب المقاتل,戰鬥絕技,معجون شبیخون,Racikan Laga,Laga Membara,Luyện chú Ẩu đả,มนตรานักสู้,Valmiina rähinään
TID_EVENT_TITLE_EOS_DARKKNOWLEDGE,Dark Knowledge,Savoir noir,Dunkles Wissen,Artes oscuras,Il lato oscuro degli eroi,Duistere kennis,Mørk kunnskap,Saber sombrio,Karanlık Bilgiler,闇の知識,暗黑宝藏,어둠의 지식,На черный день,أسرار الظلام,闇黑寶藏,سلطه سیاهی,Ilmu Hitam,Ilmu Kejahatan,Tri thức Hắc ám,ศาสตร์มืด,Pimeä puoli
TID_EVENT_TITLE_EOS_DISCOVERYRECOVERY,Discovery Recovery,Recherche et découverte,Forsche Forschung,Investigación y desarrollo,Ricerca e sviluppo,Ontdekking en herstel,Oppdagelse og gjenvinning,Pesquisa e descoberta,Araştırma Geliştirme,研究成果,独具慧眼,연구 재개,Двигатель науки,حب المعرفة,研究專精,اکتشاف و استخراج,Penelitian dan Pengembangan,Selidik Eliksir,Phát hiện Hồi phục,คู่มือนักวิจัย,Vahvat ja valppaat
TID_EVENT_TITLE_EOS_EMPOWERHOUR,Empower Hour,Puissante heure,Starke Stücke,Mejunje empoderante,Forza sovrumana,Krachtig moment,Styrketimen,Hora hercúlea,Güçlenme Zamanı,強化チャンス,强盛时刻,힘나는 시간,Трудное время,ساعة الحسم,強盛時刻,نمایش قدرت,Gagah Perkasa,Gagah Perkasa,Giờ Tăng lực,พลังนักสู้,Voimavartti
TID_EVENT_TITLE_GOLDDIG,Gold Dig,"""Filon d''or""'",Holdes Gold,Construcción áurea,"""Palazzi d''oro""'",Goudwinning,Gullgraving,Garimpando ouro,Altının Peşinde,稼ぎ時,掘金宝地,땅파면 골드,Золотодобыча,الجرعة الذهبية,淘金之路,بیل طلایی,Gali Emas,Penggalian Emas,Đào Vàng,นักขุดทอง,Kullankaivaja
TID_EVENT_TITLE_EOS_INTENSEFENCE,Intense Fence,Intense barrière,Mauerpower,Defensa intensa,Difesa serrata,Heftig hek,Intenst gjerde,Defesa intensa,Yıkılmaz Duvar,鉄の壁,壁垒森严,튼튼한 장벽,Мощный периметр,السور العظيم,建築壁壘,ساختار حصار,Pagar Tegar,Pertahanan Kuat,Rào cản Mãnh liệt,เสริมรั้วรับศึก,Aidat kuntoon
TID_EVENT_TITLE_EOS_OCEANOFPOTION,Ocean of Potion,Océan de potions,Tranktank,Magia potagia,Pozioni senza fondo,Zee van drankjes,Et hav av drikke,Profusão de poção,İksir Deryası,ポーションの海,药水海洋,포션의 바다,Волшебная волна,مهرجان الجرعات,藥水海洋,معدن معجون,Lautan Ramuan,Lautan Sihir,Đại dương Tiên dược,ห้วงสมุทรน้ำยา,Rohtoralli
TID_EVENT_TITLE_EOS_LIBRARYLEGEND,Library Legend,Bibliothéque légendaire,Bücherwurm,Entrenamiento literario,Il dotto del villaggio,Bibliotheeklegende,Leselig legende,Leitor ávido,Efsane Kütüphane,本の宝庫,博览群书,도서실 전설,Библиотека,المكتبة الأسطورية,博覽群書,رساله افسانه‌ای,Legenda Pustaka,Perwira Legenda,Thư viện Huyền thoại,เปิดห้องสมุด,Tie tähtiin
TID_EVENT_TITLE_EOS_POTIONEXPLOSION,Potion Explosion,Explosion de potions,Trankpracht,Explosión de poción,Esplosioni di pozioni,Drankjesuitbarsting,Eksplosiv drikk,Explosão de poção,İksir Bolluğu,ゴールドの使い道,药水汹涌,포션 폭발,Через край,سيل الجرعات,藥水洶湧,انفجار معجون,Luapan Ramuan,Letupan Posyen,Bùng nổ Thuốc,ระเบิดน้ำยา,Rohtoräjähdys
TID_EVENT_TITLE_EOS_SPELLINGCHAMP,Spelling Champ,"""L''entraînement pour les nuls""'",Zauberpower,Maestría en hechicería,Mago degli incantesimi,Spreukenkampioen,Formel 1,Mestre dos feitiços,Büyü Şampiyonu,呪文王者,法术大师,마법 캠프,Мастер заклинаний,الساحر الماهر,法術大師,تدریس طلسم,Raja Mantra,Mahir Bersihir,Thần chú Vô địch,ยอดนักร่ายเวทย์,Loitsumestari
TID_EVENT_TITLE_EOS_URBANPLANNING,Urban Planning,Urbanisme,Baugefühl,Planificación urbanística,Lavori di ampliamento,Stadsplanning,Byplanlegging,Planejamento urbano,Şehir Planlaması,開発計画,村庄规划,도시 계획,Урбанистика,تخطيط البناء,村莊願景,برنامه‌ریزی شهری,Perencanaan Kota,Perancangan Bandar,Quy hoạch Đô thị,วางผังเมือง,Rakennustarkastaja
TID_EVENT_TITLE_BLACK_MAGIC,Black Magic,Magie noire,Schwarze Magie,Magia negra,Magia nera,Zwarte magie,Svart magi,Magia negra,Kara Büyü,闇魔術,暗黑魔法,흑마법,Черная магия,السحر الأسود,黑暗魔法,جادوی سیاه,Ilmu Hitam,Sihir Kejahatan,Phép thuật Hắc ám,เวทมนตร์ดำ,Mustaa magiaa
TID_EVENT_TITLE_FIGHTING_SOLO,Fighting Solo,Combat en solo,Solokampf,Lucha individual,Guerrafondaio,Vechtersbaas,Kjemper alene,Lutando só,Tek İstediğim Dövüş,斬り込み隊長,一战独秀,홀로서기,Один в поле воин,القتال الفردي,獨戰鰲頭,جنگ فردی,Bertanding Solo,Bertempur Sendirian,Đơn thương độc mã,ศึกลุยเดี่ยว,Yksintaistelu
TID_EVENT_TITLE_HERO_NIGHT,Hero Night,Nuit des héros,Nacht der Helden,Noche heroica,Notte degli eroi,Heldendicht,Heltenatt,Noite de herói,Kahramanlık Gecesi,ヒーローナイト,英雄之夜,영웅의 밤,Ночь героев,ليلة الأبطال,英豪盛宴,شب قهرمان,Malam Pahlawan,Malam Wira,Đêm tỏa sáng của Tướng,ค่ำคืนแห่งผู้กล้า,Sankareiden yö
TID_EVENT_TITLE_DYNAMIC_DUO,Dynamic Duo,Duo dynamique,Dynamisches Duo,Duo dinámico,Il dinamico duo,Dynamisch duo,Dynamisk duo,Dupla dinâmica,Muhteşem İkili,ダイナミック・デュオ,最佳拍档,짝꿍,Динамичный дуэт,الثنائي الفعال,建築立事,جفت کارآمد,Duet Maut,Pasangan Dinamik,Bộ đôi Hoàn hảo,คู่หูจอมพลัง,Dynaaminen duo
TID_EVENT_TITLE_FAST_FORWARD,Fast Forward,"""Vers l''avant""'","Vorwärts, Marsch",Aceleración,Costruttore provetto,Vooruitspoelen,Spol fremover,Avanço rápido,İleri Sar,スピード重視,速建速决,빨리 감기,"Время, вперед!",التقدم السريع,速建速決,با سرعت به پیش,Percepatan Waktu,Serangan Pantas,Tăng tốc,เร่งด่วนทันใจ,Etumatka
TID_EVENT_TITLE_SHINY_SHOVEL,Shiny Shovel,Pelle qui brille,Schillernde Schaufel,Pala reluciente,"""Palate d''oro""'",Schitterende schuiver,Skinnende spade,Pá brilhante,Parlak Kürek,ゴールドシャベル,掘金三尺,빛나는 삽,Блестящая лопата,المجرفة البراقة,掘金三尺,بیل زرین,Sekop Bersinar,Penyodok Berkilau,Xẻng lấp lánh,พลั่วขุดวิบวับ,Tartu lapioon!
TID_EVENT_TITLE_TRUTH_GOLD,Truth be Gold,"""Vérité d''or""'",Goldene Wahrheit,Oro reluciente,"""Mare d''oro""'",Goudeerlijk,Sannhet har gull i munn,Ouro vale mais,Harbi Altın,一攫千金,一诺千金,금빛 고백,Золотая жила,الذهب الثمين,點石成金,طلای تاریخی,Kejujuran Emas,Kebenaran Keemasan,Vàng ngập tràn,ทองแท้ไม่แพ้ไฟ,Kultakuume
TID_EVENT_TITLE_DARK_STAR,Dark Star,Étoile sombre,Dunkler Stern,Estrella oscura,Eroi oscuri,Duistere ster,Mørk stjerne,Estrela sombria,Kara Yıldız,ダークスター,英雄辈出,어두운 별,Черная звезда,نجم الظلام,英雄本色,ستاره سیاه,Bintang Gelap,Bintang Gelap,Ngôi sao Hắc ám,ดาวมฤตยู,Musta tähti
TID_EVENT_TITLE_GOLDEN_SPEED,Golden Speed,"""Vitesse d''or""'",Goldenes Tempo,Velocidad dorada,Oro fulmineo,Gouden vaart,Gyllen hastighet,Velocidade de ouro,Altın Hız,ゴールドスピード,黄金速度,금빛 질주,С размахом,سرعة من ذهب,黃金時代,سرعت طلایی,Kecepatan Emas,Kelajuan Emas,Vận tốc Vàng,ทองพลุ่งพล่าน,Kullalla kuntoon
TID_EVENT_TITLE_RELOCATION_EXPERT,Relocation Expert,Déménageurs gobelins,Umsiedlungsprofi,Maestros del diseño,Esperti in traslochi,Meesterschuiver,Flytteekspert,Sabichão da redistribuição,Yer Değiştirme Uzmanı,引っ越し屋さん,移位达人,재배치 전문가,Знаток местности,خبير التنقل,移位達人,متخصص جابه‌جایی,Ahli Relokasi,Pakar Pemindahan,Chuyên gia dọn dẹp,นักขนย้ายมือฉมัง,Paikka vaihtoon!
TID_EVENT_TITLE_SPELLBOUND,Spellbound,Enchanté,Zauberfibel,Hechizante,Abracadabra,Betoverd,Formel 1,Enfeitiçado,Abrakadabra,魅惑の魔術,法术之力,마법의 정석,Чары-мары,السحر العارم,法術之力,طلسم‌شده,Mantra Mujarab,Ilmu Ghaib,Sức mạnh Thần chú,ต้องมนต์อาคม,Loitsunluku
TID_EVENT_TITLE_CONSTRUCTIONJUICE,Construction Juice,En construction,Baubrause,Revitalizante,Tonico,Bouwkracht,Byggejuice,Na construção,İnşaat Şerbeti,建設日和,建筑能量,건축가의 주스,Пей да строй,عصير البناء,建設泉源,نوشابه سازندگی,Jus Pembangunan,Pati Pembinaan,Thuốc xây dựng,น้ำยางานก่อสร้าง,Rakennuslimu
TID_EVENT_TITLE_GARDENHERO,Garden Warrior,Jardin héroïque,Gartenkrieger,Jardín heroico,Feng shui,Tuinheld,Hagekriger,Jardim heroico,Bahçe Savaşçısı,庭師の英雄,园艺英雄,정원사 전사,Воин-садовник,محارب البستان,園藝英雄,جنگجوی باغچه,Prajurit Taman,Pahlawan Kebun,Chiến binh làm vườn,นักรบรักษ์โลก,Puutarhasoturi
TID_EVENT_TITLE_SHINYSHOVEL,Shiny Shovel,Pelle qui brille,Schillernde Schaufel,Pala reluciente,"""Palate d''oro""'",Schitterende schuiver,Skinnende spade,Pá brilhante,Parlak Kürek,ゴールドシャベル,掘金三尺,빛나는 삽,Блестящая лопата,المجرفة البراقة,掘金三尺,بیل زرین,Sekop Bersinar,Penyodok Berkilau,Xẻng lấp lánh,พลั่วขุดวิบวับ,Tartu lapioon!
TID_EVENT_TITLE_INSTANTDEVELOPMENT,Instant Development,Développement instantané,Sofortausbau,Desarrollo instantáneo,Sviluppo rapido,Onmiddellijke ontwikkeling,Øyeblikkelig utvikling,Melhoria instantânea,Anında Gelişim,即時開発,极速建造,순간 토지 개발,Быстрый прогресс,التطوير الفوري,快速發展,پیشرفت فوری,Pembangunan Instan,Perkembangan Segera,Phát triển Tức thì,สร้างด่วนทันใจ,Pikapäivitys
TID_EVENT_TITLE_BIGDIG,Big Dig,Ça creuse,Großes Graben,Excavación,Lavori in corso,Schoon schuiven,Grav dypt,Escavação,Büyük Kazı,穴掘りの達人,一铲到位,큰 삽질,Большие раскопки,الحفرة الكبيرة,一鏟到位,حفاری بزرگ,Gali Terus,Cari Gali,Mở rộng Khai hoang,ขุดครั้งใหญ่,Isommalla lapiolla
TID_EVENT_TITLE_FINISHINGTOUCH,Finishing Touch,Méticuleux,Feinschliff,Toque final,Tocco finale,Laatste hand,En siste finpuss,Toque final,Son Rötuşlar,最後の仕上げ,添砖加瓦,화룡점정,Финальный штрих,اللمسة النهائية,畫龍點睛,میخ آخر,Sentuhan Terakhir,Sentuhan Pembina,Xây dựng Cấp tốc,บ้านสวยด้วยมือเรา,Viimeinen silaus
TID_EVENT_TITLE_BATTLEMAX,Battle Max,Combat au max,Heldendeal,Indestructibles,Gli imbattibili,Volop vechten,Maks kamp,Batalha maximizada,Saldırı Paketi,全力バトル,全副武装,전투태세,Бой до конца,أتم استعداد,全副武裝,نبرد سرشار,Habis-Habisan,Kebal Pakan,Sẵn sàng ra trận,สู้ขาดใจ,Energiaruiske
TID_EVENT_TITLE_ATTACKPACK,Attack Pack,"""Pack d''attaque""'",Angriffspaket,Lote de ataque,"""Pacchetto d''assalto""'",Aanvalspakket,Angrepspakke,Pacote de ataque,Saldırı Grubu,攻撃パック,进攻助力礼包,공격 팩,Набор для атаки,مجموعة الهجوم,全力進攻特惠包,بسته حمله,Paket Serangan,Pek Serangan,Gói Tấn công,แพ็คโจมตี,Hyökkäyspaketti
TID_EVENT_TITLE_BLINGTWINS,Bling Twins,Double richesse,Klunkerdoppel,Doble caudal,Doppie rune,Blingtweeling,Blingtvillinger,Ouro dobrado,Şık Çift,キラキラツイン,好石成双,귀염둥이 쌍둥이,Богатая парочка,الثنائي الثمين,好石成雙,جفت ممتاز,Si Kembar Berkilau,Kembar Berkilau,Cặp đá cổ ngữ,คู่หูวิบวับ,Tuplataika
TID_EVENT_TITLE_CONSTRUCTION101,Construction 101,Construction pour les nuls,Bauwesen-Einmaleins,Construye ya,Corso di edilizia,Nieuwbouw,Konstruksjon for nybegynnere,Manual de construção,İnşaat 101,建設入門セット,立本之道,건축학 개론,Конструктор для начинающих,أسس التشييد,建設準則,ساخت‌و‌ساز مقدماتی,Pembangunan 101,Pembinaan 101,Bách khoa xây dựng,ก่อสร้างพื้นฐาน 101,Rakennusniksejä
TID_EVENT_TITLE_HEROMIXER,Hero Mixer,Fête des héros,Heldengala,Fiesta de héroes,Gran gala degli eroi,Heldengala,Heltemikser,Mistura de herói,Kahraman Seti,ヒーローミキサー,英雄助力,영웅 믹서,Героический замес,لقاء الأبطال,蓋世英雄,قهرمان بجوش,Pesta Pahlawan,Pesta Wira,Buổi tiệc Tướng,ผู้กล้าทรงพลัง,Sankareita kaikki
TID_EVENT_TITLE_TOUCH_OFGOLD,Touch of Gold,"""Éclat d''or""'",Ein Hauch von Gold,Toque de oro,"""Vena d''oro""'",Alles is goud,Et snev av gull,Toque de ouro,Altın Dokunuş,金の感触,金币盛宴,골드 터치,Позолотить ручку,اللمسة الذهبية,金藥充沛,ردّی از طلا,Sentuhan Emas,Sentuhan Emas,Bàn tay Vàng,ทองคำประดับประดา,Hippunen kultaa
TID_EVENT_TITLE_GOLD_TERRITORY,Gold Territory,Terres dorées,Goldener Boden,Área áurea,Lande dorate,Gouden territorium,Gullterritorium,Território de ouro,Altın Bölgesi,ゴールドテリトリー,固若金汤,골드 존,Золотой запас,أرض الذهب,固若金湯,قلمرو طلایی,Wilayah Emas,Kawasan Emas,Lãnh thổ Vàng ròng,ดินแดนแห่งทองคำ,Kultasuoni
TID_EVENT_TITLE_FIGHTING_CHANCE,Fighting Chance,Préparation de combat,Rosige Aussichten,A troche y moche,Nuvole di guerra,Gevechtsklaar,Kjempesjanse,Chance de sucesso,Kazanma Şansı,戦いの好機,书山有路,승리의 기회,Шанс на успех,فرصة للقتال,書寫勝利,فرصت مبارزه,Peluang Bertarung,Peluang Berlawan,Cơ hội Chiến đấu,ตำราพิชัยสงคราม,Taistelutahto
TID_EVENT_TITLE_IMMENSE_DEFENSE,Immense Defense,Immense défense,Starke Verteidigung,Defensa inmensa,Difese lampo,Vette verdediging,Kolossalt forsvar,Uma tremenda defesa!,Muazzam Savunma,万全の守り,无懈可击,엄청난 방어,Несокрушимая защита,الدفاع المنيع,無懈可擊,دفاعی قوی,Pertahanan Kokoh,Pertahanan Kuat,Khả năng phòng thủ khủng,ตั้งรับอย่างอุ่นหนาฝาคั่ง,Mieletön puolustus
TID_EVENT_TITLE_NYSPECIAL,New Year Special,Spécial Nouvel An,Neujahrs-Special,Especial de Año Nuevo,Speciale anno nuovo,Nieuwjaarsspecial,Nyttårsspesial,Especial de ano novo,Yeni Yıla Özel,新年スペシャル,新年特惠,새해 스페셜,К Новому году,عرض العام الجديد الخاص,新年特惠,ویژه سال نو,Spesial Tahun Baru,Tahun Baharu!,Ưu đãi Năm Mới,ปีใหม่สุดพิเศษ,Uudenvuoden erikoinen
TID_EVENT_TITLE_BUILDINGWISDOM,Building Wisdom,Ouvrier sage,Sehr erbaulich,Manos a la obra,Edilizia saggia,Bouwwijsheid,Byggekløkt,Construção do saber,Bina Temeli,建設的な知識,建筑奥秘,건설 비법,Мудрый зодчий,حكمة البناء,建築奧秘,شعور سازندگی,Bijak Membangun,Akal Budi,Thợ xây thông thái,ปรัชญาอาคาร,Fiksu rakentaja
TID_EVENT_TITLE_ANYTHING_GOES,Anything Goes,À tout va,Alles ist möglich!,Todo y más,Onniscienza ed edilizia,Alles in overvloed,Alt skal bort,Vale tudo,Her Şey Serbest,やりたい放題！,假期强援,건설하기 좋은 계절,Все подряд,كل الخيارات متاحة,萬全準備,همه چی قبوله,Apa Saja Boleh,Apa-apa Pun Jadi,Gì cũng được,ได้ทุกอย่าง,Kaikki käy
TID_EVENT_TITLE_ADVCHANCE,Advance Chance,Coup de pouce,Bessere Verbesserungen,Oportunidad de mejora,La forza del progresso,Upgradeplezier,Fremgangssjanse,Chance de avanço,Gelişme Şansı,躍進の好機,升级有方,한발 앞으로,Шанс на прорыв,فرصة التقدم,升級有方,فرصت پیشرفت,Peluang Peningkatan,Peluang untuk Maju,Cơ hội Thăng tiến,โอกาสก้าวหน้า,Kehitysmahdollisuus
TID_EVENT_TITLE_BOOST,Boost Juice,Cocktail boosté,Schubstrom,Brebaje potenciador,Intruglio potenziato,Boostkracht,Boostjuice,Poção potencializadora,Güçlendirme Suyu,ブースト日和,能量特饮,부스트 주스,Укрепляющий коктейль,شراب التعزيز,能量飲料,عصاره تقویت,Jus Pelaju,Jus Galakan,Nước ép Cường hóa,น้ำยาเพิ่มพลัง,Tehostuspirtelö
TID_EVENT_TITLE_EMG,Everything Must Go,Liquidation totale,Alles muss raus!,Liquidación total,Fuori tutto,Op = op,Alt skal vekk,Liquidação total,Patron Çıldırdı,売りつくし,琳琅满目,완벽한 준비,Все с молотка,تصفيات,包羅萬象,آتیش زدم به مالم,Cuci Gudang,Jualan Sampai Habis,Mọi thứ phải ra đi,งานนี้แจกไม่อั้น,Varaston tyhjennys
TID_EVENT_TITLE_HJP,Hammer Jam Pack,Pack Convention des marteaux,Hammerparty-Paket,Lote de Martillomanía,Pacc. Qui si batte chiodo!,Hammer Jam-pakket,Hammer Jam-pakke,Pacote da Martelofolia,Çekiç Vakti Paketi,建設ラッシュパック,夯木节礼包,해머잼 팩,Набор Hammer Jam,مجموعة Hammer Jam,歡樂升級嘉年華特惠包,بسته «چکش‌کاری فشرده»,Paket Hammer Jam,Pek Hammer Jam,Gói Hammer Jam,แพ็ค Hammer Jam,Hammer Jam -paketti
TID_EVENT_TITLE_SPRING_SPECIAL,Spring Special,Offre du printemps,Frühlingsangebot,Lote especial,Offerta di primavera,Voorjaarsspecial,Vårspesial,Oferta especial,Bahara Özel,春の特別セール,春季特惠,봄맞이 특가,Весенняя акция,عرض الربيع الخاص,春季特惠,ویژه بهار,Spesial Musim Semi,Istimewa Musim Bunga,Ưu đãi Mùa xuân,พิเศษฤดูร้อน,Kevättarjous
TID_EVENT_TITLE_BOOK_SMART,Book Smart,Livre-aison,Bücherweisheit,Biblioteca con sorpresa,Fiera del libro,Boekenwurm,Bokorm,Feira do livro,Kitap Kurdu,本の虫,书写胜利,스마트 북,Книжный червь,معارف الكتب,書卷致勝,نخبه,Kitab Pintar,Cerdik Pandai,Thư sinh Thông thái,หนอนหนังสือ,Kirjaviisas
TID_EVENT_TITLE_TRIPLEAID,Triple Aid,Secours triple,Dreifachhilfe,Receta mágica,Triplo aiuto,Drie drankjes,Trippelhjelp,Auxílio triplo,Üçlü Destek,3本の柱,三重助力,트리플에이드,Тройная помощь,مساعدة ثلاثية,加緊趕工,کمک سه گانه,Tiga Bantuan,Tiga Bantuan,Hiệu quả gấp ba,สร้างด่วนคูณสาม,Tripla-apu
TID_EVENT_TITLE_RUNE_AWAKENING,Rune Awakening,Réveil des runes,Runenerwachen,El poder de las runas,Incetta di rune,Rune-ontwaking,Intens innspurt,Runas miraculosas,Rün Dirilişi,ルーンの覚醒,符石闪耀,깨어나라 룬이여!,Рунное возрождение,مفاجأة التمائم,符石大師,خزان ناخوانده,Kebangkitan Rune,Kejutan Rune,Đá cổ ngữ Thức tỉnh,รูนปลุกพลัง,Reilut riimukivet
TID_EVENT_TITLE_UPDATE_MEGA,Update Mega Pack,Mégapack de la mise à jour,Update-Megapaket,Megalote de actualización,"""Mega pacc. dell''aggiornamento""'",Mega-updatepakket,Megastor oppdateringspakke,Megapacote de atualização,Güncelleme Mega Paketi,アップデートメガパック,升级超级礼包,업데이트 메가 팩,Меганабор к обновлению,مجموعة التحديث العملاقة,超級升級特惠包,اَبَربسته به‌روزرسانی,Paket Pembaruan Mega,Pek Mega Naik Taraf,Gói Siêu Nâng cấp,แพ็คเมก้าอัปเดต,Megapäivityspaketti
TID_EVENT_TITLE_CNY1_PACK,Lunar Festival,Festival lunaire,Mondfest,Festival Lunar,Festival lunare,Lunair festival,Månefestival,Festival Lunar,Ay Festivali,旧正月,新春佳节 ,설날 맞이 특가,Китайский Новый год,مهرجان العام القمري ,新春佳節,جشنواره سال نو چینی ,Festival Imlek,Pesta Tahun Baru Cina,Tết Nguyên Đán,เทศกาลตรุษจีน,Kiinalaisen uudenvuoden festivaali
TID_EVENT_TITLE_SUPER_BUNDLE,Super Bundle,Super lot,Super-Bundle,Superoferta,Super bundle,Superbundel,Superknippe,Supercombo,Süper Paket,スーパーセット,超级礼包,슈퍼 묶음 상품,Супернабор,الباقة الخارقة,超級特惠,اَبَر بسته ترکیبی,Paket Super,Pakej Super,Gói siêu cấp,ห่อพลังซูเปอร์,Superpaketti
TID_EVENT_TITLE_DOUBLEMUSCLE,Double Muscle,Bâtisseur,Baulöwe,Construcción,Doppia forza,Dubbel bouwen,Dobbelmuskel,Construção dobrada,İki Kat İnşaat,筋肉で解決,双建合璧,더블 머슬,Двойная сила,حجرا الأساس,雙重藍圖,سازش مضاعف,Tenaga Ganda,Binaan Berganda,Sức mạnh nhân đôi,พลังกล้ามคูณสอง,Tuplamuskeli
TID_EVENT_TITLE_SUMMERUPDATESPECIAL,Summer Special,Spécial été,Sommer-Special,Oferta especial,Offerta estiva,Zomerspecial,Sommerspesial,Oferta especial,Yaza Özel,夏の大サービス,夏季特惠,써머 스페셜,Особая летняя акция,عرض الصيف الخاص,夏季特惠,ویژه تابستان,Spesial Musim Panas,Istimewa Musim Panas,Ưu đãi Mùa hè Đặc biệt,ข้อเสนอพิเศษฤดูร้อน,Kesän erikoistarjous
TID_EVENT_TITLE_SUMMER199,"""Summer''s End Special""'","""Spécial fin d''été""'",Sommerende-Special,Evento especial,Contenuti speciali di fine estate,Zomereindespecial,Sommersluttspesial,Evento especial,Yaz Sonu Özel,夏の終わりスペシャル,夏末特惠,뜨거웠던 여름의 끝!,Акция к концу лета,عرض نهاية الصيف الخاص,夏末特惠,ویژه پایان تابستان,Akhir Musim Panas Spesial,Istimewa Hujung Musim Panas,Ưu đãi Cuối hè,ข้อเสนอพิเศษสิ้นสุดฤดูร้อน,Loppukesän erikoinen
TID_EVENT_TITLE_ICY_DARKNESS,Icy Darkness,Ténèbres glacées,Eisige Dunkelheit,Oscuridad helada,Tenebre glaciali,IJzige duisternis,Isete mørke,Sombra gélida,Buzlu Karanlık,冷たい闇,冰封暗影,차디찬 어둠,Ледяная тьма,صقيع وظلمة,冰封暗影,تاریکی یخی,Dingin Mencekam,Kegelapan Berais,Bóng đêm Băng giá,ความมืดมิดเย็นเยือก,Jäinen pimeys
TID_EVENT_TITLE_COMMON_CENTS,Common Cents,Petites pièces,Centsation,Céntimos comunes,Per un pugno di centesimi,Prachtig profijt,En krone spart,Meros centavos,Bini Bir Para,常識ハズレの大割引,物有所值,푼돈,Дешево и сердито,في متناول اليد,物有所值,سِنت سلیم,Penawaran Receh,Harga Rahmah,Giảm giá sập sàn,ราคาปุถุชน,Järkivalinnat
TID_EVENT_TITLE_BARGAIN_JARGON,Bargain Jargon,Jargon négociant,Hand (voll Gold) drauf,Jerga de chollos,Parlantina da venditore,Dat scheelt,Klingende mynt,Uma barganha,Eli Sıkı,燃えるバーゲン魂,物美价廉,가성비 굿,Выгодная сделка,صفقة ممتازة,物美價廉,فن تخفیف,Sayang Anak,Super Jimat,Ưu đãi hấp dẫn,รหัสลับส่วนลด,Tarjouslaari
TID_EVENT_TITLE_BRIEF_RELIEF,Brief Relief,Petite pause,Leichte Erleichterung,Breve respiro,"""Un po'' di sollievo""'",Kostelijk goedkoop,Pent tjent,Alívio imediato,Pazarlık Payı,ささやかな支援,低价优质,번개 세일,Почти даром,قمة التوفير,低價超值,آسودگی موقت,Balik Modal,Jualan Panas,Rẻ như bèo,ค่าบรรเทาทุกข์,Hetken helpotus
TID_EVENT_TITLE_CHEAPER_KEEPER,Cheaper Keeper,Ça vaut le coup,Wahnsinnig billig,Baratura,Prezzo imbattibile,Voordeelpret,Rimelig smart,Mais em conta,Ucuza Kapatalım,夏の防衛応援セール,便宜好物,득템,Большая выгода,عرض رخيص,經濟實惠,ارزان ولی به‌دردبخور,Hemat Pangkal Kaya,Murah Gila,Giá rẻ bất ngờ,ลดแลกแจกแถม,Halpiskamaa
,,,,,,,,,,,,,,,,,,,,,
,,,,,,,,,,,,,,,,,,,,,
,,,,,,,,,,,,,,,,,,,,,
TID_EVENT_ANIMATION_GETITNOW,Get it Now!,"Pour vous, maintenant !",Zum Shop!,¡No te la pierdas!,Acquista ora!,Haal er nu een!,Slå til nå!,Adquira já!,Şimdi Al!,今すぐゲット！,立即获取！,지금 구매하세요!,Поспешите!,احصل عليه الآن!,立即獲取！,همین حالا!,Dapatkan Sekarang!,Dapatkan Sekarang!,Mua ngay!,รวยทันใจ!,Hanki omasi nyt!
"""TID_EVENT_ANIMATION_DON''TMISSOUT""'","""Don''t Miss out!""'",À ne pas rater,Zugreifen!,No te la pierdas,Non perdertela!,Mis het niet!,Slå til nå!,Não perca!,Kaçırma!,お見逃しなく！,不要错过！,기회를 놓치지 마세요!,Не пропустите!,لا تضيع الفرصة,不要錯過！,از دست ندهید!,Ayo Dapatkan!,Jangan terlepas,Đừng bỏ lỡ nhé!,อย่าได้พลาด!,Älä jää paitsi!
TID_EVENT_ANIMATION_FEARNOT,Fear Not!,"""Pas d''inquiétude""'",Keine Angst!,¡No tengas miedo!,Non avere dubbi!,Wees niet bang!,Frykt ikke!,Não tema!,Korkma!,恐れずに！,勇者无畏！,두려워하지 마세요!,Залог бесстрашия!,لا تخف!,無所畏懼！,ترس به دلت راه نده!,Jangan Takut!,Usah takut!,Không cần phải sợ!,อย่าได้กลัว!,Rohkeasti vaan!
TID_EVENT_ANIMATION_FEELTHEPOWER,Feel the Power!,Offre puissante,Spüre die Power!,¡Siente el poder!,Ora si fa sul serio!,Voel de kracht!,Kjenn kraften!,Sinta a intensidade!,Gücü Hisset!,力をその手に！,感受力量！,강력한 힘을 느껴보세요!,Источник силы!,استمتع بالقوة!,感受力量！,لذت قدرت!,Rasakan Kekuatan Ini!,Rasailah Kuasanya!,Sức mạnh tràn trề!,สัมผัสถึงพลังสิ!,Aisti voima!
TID_EVENT_ANIMATION_UPGRADENOW,Upgrade now!,"Pour vous, maintenant !",Jetzt verbessern!,¡A mejorar!,Migliora adesso!,Nu upgraden!,Oppgrader nå!,Melhorias já!,Şimdi yükselt!,今すぐアップグレード！,现在升级！,지금 업그레이드하세요!,Время улучшать!,قم بالترقية الآن!,立即升級！,حالا ارتقاء بده!,Tingkatkan Sekarang!,Naik taraf sekarang!,Nâng cấp ngay nào!,อัปเกรดเลย!,Päivitä nyt!
TID_EVENT_ANIMATION_OUTOFTHEWAY,Out of the Way!,"""C''est parti !""'",Aus dem Weg!,¡Fuera de mi camino!,Pista!,Nu upgraden!,Unna vei!,Sai da frente!,Çekil Yolumdan!,道を切り拓け！,披荆斩棘！,저리 비켜!,С дороги!,لا تقف في طريقي!,披荊斬棘！,کنار بکش!,Enyah dari Sini!,Ke tepi!,Dọn đường!,หลบหน่อยพระเอกมา!,Pois alta!
TID_EVENT_ANIMATION_GOLDSTANDARD,Gold Standard!,Standards dorés,Goldener Standard!,Medalla de oro,Guarda come luccica!,Gouden standaard!,Gullstandard!,Padrão de ouro!,Altın Standart!,ゴールデンスタンダート！,黄金法则！,골드가 최고!,Золотой стандарт!,المعيار الذهبي,黃金法則！,استاندارد طلایی!,Standar Emas!,Standard Emas!,Tiêu chuẩn vàng!,ทองคำแท้แน่นอน!,Kultakanta
TID_EVENT_ANIMATION_HEROPRIDE,Hero Pride!,Fierté héroïque,Stolz des Helden!,¡Orgullo heroico!,Potere agli eroi!,Heldenmoed!,Heltens stolthet!,Orgulho de herói!,Kahramanlık Gururu!,ヒーローの品格！,英雄魅力！,영웅의 긍지!,Честь героя!,فخر الأبطال,英雄魅力！,افتخار قهرمان!,Kebanggaan Pahlawan!,Kebanggaan Wira!,Niềm kiêu hãnh của Tướng!,ผู้กล้าอหังการ!,Sankariylpeyttä
TID_EVENT_ANIMATION_MOVEIT,Move it!,On déplace tout !,Bewegung!,¡Muévelo!,Facciamo ordine!,Weg ermee!,Av gårde!,Movendo tudo!,Haydi!,自由に移動！,随心所移！,서두르세요!,Движение —жизнь!,بسرعة!,隨心所移！,جابه‌جایش کن!,Ayo Bergerak!,Alihkannya!,Dọn dẹp nào!,ถึงเวลาแยกย้าย!,Liikkeelle!
TID_EVENT_ANIMATION_FEELTHEMAGIC,Feel the Magic!,"""C''est magique !""'",Mächtige Magie!,Siente la magia,Magia!,Voel de magie!,Føl magien!,Só magia!,Büyüyü Hisset!,これぞ魔力だ！,法术神威！,마법의 힘!,Это волшебство!,فعل السحر,魔法在手！,جادو رو حس کن!,Rasakan Sihir!,Rasai Keajaiban,Phép thuật mạnh mẽ!,สัมผัสเวทมนตร์!,Taianomaista!
TID_EVENT_ANIMATION_NEVERENOUGH,Never Enough!,Jamais assez,Nie genug!,¿Aún más?,Mai senza!,Nooit genoeg!,Aldri nok!,Sempre mais!,Onsuz Olmaz!,飽くなき情熱！,多多益善！,"더, 더, 더!",Много не мало!,هل من مزيد؟,多多益善！,همیشه کمه!,Mau Lagi?,Tak cukup ni!,Không bao giờ đủ!,ยังไม่พอ!,Mikään ei riitä
TID_EVENT_ANIMATION_BEWISE,Be Wise!,Soyez sage !,Weises Werk,¡El conocimiento es poder!,Saggia scelta!,Wees wijs!,Bruk hodet!,Conhecimento é poder!,Akıllıca!,知恵を絞れ！,安排有道！,현명하게!,Мудрый выбор,تسلح بالحكمة,巧妙安排！,عاقل باش!,Bersikap Bijak!,Bijak Bestari!,Hãy sáng suốt!,ฉลาดใช้!,Toimi viisaasti!
TID_EVENT_ANIMATION_ALLYOUNEED,All You Need!,Pour tous vos besoins,"Alles, was du brauchst!",¡Imprescindible!,Indispensabile!,Alles wat je wilt!,Alt du trenger!,Imprescindível!,Tüm Gerekenler!,これが肝心！,想您所想！,생필품!,Самое нужное,كل ما تحتاج إليه,築夢踏實！,همه آنچه که می‌خواهی!,Persediaan Penting!,Keperluan Anda!,Tất cả những gì bạn cần!,ทุกสิ่งที่ต้องการ!,Kaikki tarpeellinen!
TID_EVENT_ANIMATION_HAPPYNEWYEAR,Happy New Year!,Bonne année !,Frohes neues Jahr!,¡Feliz Año Nuevo!,Buon anno nuovo!,Gelukkig nieuwjaar!,Godt nyttår!,Feliz Ano-Novo!,Herkesin Yeni Yılını Kutlarız!,明けましておめでとうございます！,新年快乐！,해피 뉴 이어!,С Новым годом!,سنة سعيدة!,Happy New Year！,سال نو میلادی مبارک!,Selamat Tahun Baru!,Selamat Tahun Baharu!,Chúc mừng Năm mới!,สวัสดีปีใหม่!,Hyvää uutta vuotta!
TID_EVENT_ANIMATION_STARTSTRONG,Start strong!,Ça commence fort !,Starker Start!,¡En marcha!,Inizio super!,Begin sterk!,Kom godt i gang!,Comece a todo vapor!,Güçlü başla!,スタートダッシュ！,开战大吉！,강하게 시작하세요!,Мощный старт!,ابدأ بداية قوية!,旗開得勝！,پرتوان شروع کن!,Awal gemilang!,Arah Gemilang,Khởi đầu hoành tráng!,เริ่มปีอย่างแข็งแกร่ง!,Kunnon aloitus!
TID_EVENT_ANIMATION_GOFORIT,Go for it!,"""C''est parti""'",Greif zu!,¡Aprovecha!,Approfittane!,Ga ervoor!,Kjør på!,Vamos lá!,Hepsi seni bekliyor!,今すぐゲット！,机不可失,지금 활용해보세요!,Налетай!,لا تضيع الفرصة!,機不可失,بگیریدش!,Jangan lewatkan!,Pergilah!,Hãy thử xem nhé!,ลุยเลย!,Anna palaa!
TID_EVENT_ANIMATION_PREPAREYOURSELF,Prepare Yourself!,Pour le combat !,Mach dich bereit!,¡Prepárate!,Preparati!,Bereid je voor!,Gjør deg klar!,Prepare-se!,Hazırlan!,戦いに備えよう！,全面备战！,공격에 대비하세요!,Пора готовиться!,استعد!,全面備戰！,خودتان را آماده کنید!,Siapkan Dirimu!,Bersiap Sedialah!,Chuẩn bị Sẵn sàng!,จงเตรียมพร้อม!,Oletko valmiina?
TID_EVENT_ANIMATION_SEALDEAL,Seal this Deal,Quelle affaire,Besiegle den Handel,Sella el trato,Affare fatto!,Degelijke deal,Grip tilbudet,Leve já!,Fırsat Bu Fırsat,セールをお見逃しなく,稳赚不赔,얼른 챙기세요,Сплошная экономия,عرض لا يفوّت,穩賺不賠,این معامله را جوش بده,Jagoan Cuan,Rebut Cepat,Chốt đơn nhanh chóng,ปิดดีล,Päivän diili
TID_EVENT_ANIMATION_OPPOTUNITYKNOCKS,Opportunity Knocks,Une belle affaire,Kannst du das ablehnen?,La oportunidad llama,"""L''occasione""'",Buitenkansje,Mulighetene kaller,Oferta na mão,Fırsat Kapıya Dayandı,最強割引チャンス,机不可失,절호의 기회,Особый шанс,الفرصة تطرق بابك,機不可失,شانس بر در می‌کوبد,Racun Belanja,Jangan Terlepas,Cơ hội đến rồi!,โอกาสมาเยือน,Tilaisuus kolkuttaa
TID_EVENT_ANIMATION_UPDATEOFFER,Update Offer!,Offre de la mise à jour,Update-Angebot!,Oferta de actualización,"""Offerta dell''aggiornamento!""'",Update-aanbieding.,Oppdateringstilbud!,Oferta de atualização!,Güncelleme Teklifi!,アップデートセール！,更新特惠！,업데이트 특가 상품!,Акция к обновлению!,عرض التحديث,更新特惠！,پیشنهاد به‌روزرسانی!,Penawaran Pembaruan!,Tawaran Kemas Kini!,Ưu đãi Cập nhật!,ข้อเสนออัปเดต!,Päivitystarjous
TID_EVENT_ANIMATION_ENDOFSUMMER,"""Summer''s End Special""'","""Spécial fin d''été""'",Sommerende-Special,Evento especial,Contenuti speciali di fine estate,Zomereindespecial,Sommersluttspesial,Evento especial,Yaz Sonu Özel,夏の終わりスペシャル,夏末特惠,뜨거웠던 여름의 끝!,Акция к концу лета,عرض نهاية الصيف الخاص,夏末特惠,ویژه پایان تابستان,Akhir Musim Panas Spesial,Istimewa Hujung Musim Panas,Ưu đãi Cuối hè,ข้อเสนอพิเศษสิ้นสุดฤดูร้อน,Loppukesän erikoinen
,,,,,,,,,,,,,,,,,,,,,
,,,,,,,,,,,,,,,,,,,,,
,,,,,,,,,,,,,,,,,,,,,
TID_EVENT_TITLE_UPDATE_MEGA,Update Mega Pack,Mégapack de la mise à jour,Update-Megapaket,Megalote de actualización,"""Mega pacc. dell''aggiornamento""'",Mega-updatepakket,Megastor oppdateringspakke,Megapacote de atualização,Güncelleme Mega Paketi,アップデートメガパック,升级超级礼包,업데이트 메가 팩,Меганабор к обновлению,مجموعة التحديث العملاقة,超級升級特惠包,اَبَربسته به‌روزرسانی,Paket Pembaruan Mega,Pek Mega Naik Taraf,Gói Siêu Nâng cấp,แพ็คเมก้าอัปเดต,Megapäivityspaketti
TID_EVENT_TITLE_UPDATE_OFFER,Update Offer!,Offre de la mise à jour,Update-Angebot!,Oferta de actualización,"""Offerta dell''aggiornamento!""'",Update-aanbieding.,Oppdateringstilbud!,Oferta de atualização!,Güncelleme Teklifi!,アップデートセール！,更新特惠！,업데이트 특가 상품!,Акция к обновлению!,عرض التحديث,更新特惠！,پیشنهاد به‌روزرسانی!,Penawaran Pembaruan!,Tawaran Kemas Kini!,Ưu đãi Cập nhật!,ข้อเสนออัปเดต!,Päivitystarjous
,,,,,,,,,,,,,,,,,,,,,
,,,,,,,,,,,,,,,,,,,,,
,,,,,,,,,,,,,,,,,,,,,
TID_EVENT_TITLE_ONETIMEPURCHASE,ONE TIME PURCHASE!,ACHAT UNIQUE,EINMALIGER KAUF!,¡COMPRA ÚNICA!,ACQUISTABILE UNA SOLA VOLTA!,EENMALIGE AANKOOP!,ENGANGSKJØP!,COMPRA ÚNICA!,TEK SEFERLİK FIRSAT!,購入は1回のみ！,限购一次！,1회 한정 구매!,РАЗОВАЯ АКЦИЯ!,شراء لمرة واحدة!,限購一次！,خرید یک‌باره!,PEMBELIAN SATU KALI!,PEMBELIAN SATU KALI!,ƯU ĐÃI MỘT LẦN!,การซื้อแบบครั้งเดียว!,KERTAOSTOS!
TID_EVENT_TITLE_ONETIMEONLY,ONE TIME ONLY!,LIMITÉ À UNE FOIS,EINMALIG!,¡SOLO UNA VEZ!,SOLO UNA VOLTA!,EENMALIG!,KUN ÉN GANG!,CHANCE ÚNICA!,TEK SEFERLİK!,初回限定！,仅限一次！,1회 한정!,ДОСТУПНО ТОЛЬКО 1 РАЗ!,مرة واحدة لا تتكرر!,僅限一次！,فقط یک بار!,HANYA SATU KALI!,SATU KALI SAHAJA!,CHỈ MỘT LẦN DUY NHẤT!,ครั้งเดียวเท่านั้น!,SAATAVILLA VAIN KERRAN!
TID_EVENT_TITLE_WELCOMETOCLASH,Welcome to Clash!,Bienvenue dans Clash !,Willkommen bei Clash!,¡Te damos la bienvenida a Clash of Clans!,Ti diamo il benvenuto su Clash!,Welkom bij Clash!,Velkommen til Clash!,Bem-vindo ao Clash!,Clash'e hoş geldin!,クラクラへようこそ！,首领，欢迎您加入！,클래시 세계에 오신 걸 환영합니다!,Добро пожаловать в Clash of Clans!,مرحبًا بكم في Clash!,首領，歡迎你加入！,به Clash خوش آمدید!,Selamat datang di Clash!,Selamat datang ke Clash!,Chào mừng đến với thế giới Clash!,ขอต้อนรับสู่ Clash!,Tervetuloa Clashiin!
TID_EVENT_TITLE_JUSTFORYOU,Just for YOU!,Offre exclusive !,Nur für DICH!,¡Solo para ti!,Solo per te!,Alleen voor JOU!,Bare for DEG!,Só para VOCÊ!,Sadece sana özel!,あなただけの特別セール！,您的专属特惠！,나만을 위한 상품!,Персонально для ВАС!,لأجلكم أنتم فقط!,你的專屬特惠！,فقط برای شما!,KHUSUS untukmu!,Hanya untuk ANDA!,Dành riêng cho BẠN!,พิเศษสำหรับท่าน!,Vain sinulle!
