"TID","EN","FR","DE","ES","IT","NL","NO","PT","TR","JP","CN","KR","RU","AR","CNT","FA","ID","MS","VI","TH","FI"
"string","string","string","string","string","string","string","string","string","string","string","string","string","string","string","string","string","string","string","string","string","string"
"TID_EVENT_TITLE_GOLDENAID","Golden Aid","Assistance en or","Goldene Hilfe","Ayuda dorada","Cascata d'oro","Gouden hulp","Gyllen hjelp","Ajuda áurea","Altın Yardımı","金色の救済","金币支援","골드가 왔습니다","Золото в помощь","مساعدة من ذهب","金幣支援","یاری طلایی","Sumbangan Emas","Bantuan Emas","Tiếp tế Vàng","ตกถังทองคำ","Puhdasta kultaa"
"TID_EVENT_TITLE_RESOURCERELIEF","Resource Relief","Ressourcé","Ressourcenreserve","Reserva de recursos","Riserve di risorse","Grondstofweelde","Ressurshjelp","Renovando recursos","Kaynak Bolluğu","資源支援","资源支援","휴, 자원이다","Второе дыхание","معونة الموارد","及時補給","مملوء از منبع","Sumbangan Sumber Daya","Bantuan Sumber","Giải tỏa Tài nguyên","แหล่งทรัพยากร","Reteet resurssit"
"TID_EVENT_TITLE_SKILLEDBUILD","Skilled to Build","As du marteau","Bauanleitung","Bastión de construcción","Mastro carpentiere","Bouwskills","Byggebravader","Campeão da construção","Fırsat İnşaat","建設マスター","鬼斧神工","건설 마스터","Пропуск на стройку","تقنيات البناء","鬼斧神工","مهارت ساختن","Dilatih untuk Membangun","Kemahiran Membina","Cử nhân Xây dựng","ยอดนักสร้าง","Remonttireiska"
"TID_EVENT_TITLE_SPELLCHECK","Spell Check","Sous le sort","Zauberhilfe","Pócima mágica","ABC degli incantesimi","Spreuken en wijsheden","Formel 1–2–3","Feitiço rebuliço","Büyülü Çift","呪文の強化","法术精进","스펠 체크","Юный алхимик","خبير التعويذات","法術無邊","طلسم تسلیم","Periksa Ejaan Mantra","Ramuan Sihir","Kiểm tra Thần chú","รวมมิตรเวทมนตร์","Loitsut kuntoon"
"TID_EVENT_TITLE_WALLNOTHING","Wall or Nothing","Murs imprenables","Mauern, was das Zeug hält!","Muros seguros","Un muro è per sempre","Muurproef doorstaan","Ny mur, aldri sur","Muro ou nada","Duvar Döşer","壁一重","建墙不息","포에버 장벽","Голые стены","الجدار العظيم","建牆不屈","یا دیوار یا هیچی","Tembok atau Dicaplok","Bukit Benteng","Vạn lý Tường thành","เสริมพลังกำแพง","Muurikuuri"
"TID_EVENT_TITLE_ZEROTOHERO","Zero to Hero","Super héros","Vom Feigling zum Helden","Heroificación","Eroi alla carica","Held op sokken","Helt rå","De dodói a herói","Sıfırdan Kahraman","ヒーローの素","英雄崛起","슈퍼 영웅","Из грязи в князи","درب الأبطال","英雄崛起","از قعر تا قهرمان","Pecundang Jadi Pahlawan","Perwira Perkasa","Hỗ trợ Tướng","กำเนิดผู้กล้า","Sankaritarina"
"TID_EVENT_TITLE_FIGHTCLUB","Fight Club","Fight club","Klub der Helden","El club de la lucha","Fight Club","Vechtclub","Slåsseklubb","Clube da luta","Dövüş Kulübü","ファイトクラブ","战斗书会","파이트 클럽","Бойцовский клуб","نادي القتال","鬥陣讀書會","باشگاه مشت‌زنی","Gila Bertarung","Kelab Laga","Sàn đấu Sinh tử","สโมสรนักสู้","Fight Club"
"TID_EVENT_TITLE_FIGHTNIGHT","Fight Night","Nuit pugiliste","Kampfkunstkompendium","Mucha lucha","Botte da orbi","Vechtnacht","Kampkveld","Noite de açoite","Dövüş Gecesi","戦いの夜","一战成名","전투의 밤","Бой всей гурьбой","ليلة المعركة","一戰成名","شب جنگ","Malam Pertarungan","Malam Melaga","Đêm đấu Sinh tử","คืนหมัดมวย","Taistovaisto"
"TID_EVENT_TITLE_HOLDMYGOLD","Hold my Gold","Raison d'or","Projekt Gold","Tesoro de oro","Al lavORO","Hou jij me goud effe vast","Hold gullet mitt","Abasteced'ouro","Altın Fırsat","ゴールド活用法","整装待发","장인, 골드를 부탁해","Держи карман шире","أعمدة الذهب","整裝待發","خشت طلایی","Simpanan Emas","Simpan Emasku","Tăng gia Sản xuất","กรุทองคำ","Kultainen urakka"
"TID_EVENT_TITLE_LOCOMOTION","Potion Locomotion","Notions de potions","Trank sei Dank!","Recursos y construcción","Pozioni e costruzioni","Drankje-bedankje","Ressurssterk drikk","Loco-poção","İksir Promosyonu","ポーションの効果","药到功成","포션 먹고 뚝딱","Зелье на новоселье","لوازم البناء","藥到功成","معجون سازندگی","Gejolak Ramuan","Gerak Alih Posyen","Tài nguyên Bội thu","น้ำยาสารพัด","Resurssi ja remontti"
"TID_EVENT_TITLE_QUICKELIXIR","Quicker Elixir","Vif élixir","Elixierturbo","Elixir dinámico","Elisir rapido","Snelelixir","Raskere eliksir","Elixir para fluir","Hızlı İksir","エリクサー支援","圣水满溢","엘릭서 천국","Добавка эликсира","تسريع الإكسير","聖水滿溢","اکسیر سرعتی","Eliksir Cepat","Eliksir Pantas","Thêm Tiên dược","น้ำอมฤตเร่งด่วน","Eliksiiritys"
"TID_EVENT_TITLE_FINISHINGTOUCH","Finishing Touch","Méticuleux","Feinschliff","Toque final","Tocco finale","Laatste hand","En siste finpuss","Toque final","Son Rötuşlar","最後の仕上げ","添砖加瓦","화룡점정","Финальный штрих","اللمسة النهائية","畫龍點睛","میخ آخر","Sentuhan Terakhir","Sentuhan Pembina","Xây dựng Cấp tốc","บ้านสวยด้วยมือเรา","Viimeinen silaus"
"TID_EVENT_TITLE_TRAGICMAGIC","Tragic Magic","Magique tragique","Zauberzertifikat","Tragicomagia","Scuola di magia","Tragisch en magisch","Tragisk magisk","Mágica trágica","Büyü Köyü","悲劇の魔法","磨砺魔力","마법 천사","Магия-шмагия","السحر القديم","磨礪魔力","جادوی جالب","Sihir Magis Tragis","Mengasah Sihir Keajaiban","Thần chú Thần kỳ","ร่ายเวทย์","Traaginen maaginen"
"TID_EVENT_TITLE_TRIPLETHREAT","Triple Threat","Triple menace","Dreifachbedrohung","Triple amenaza","Tripla minaccia","Driedubbele dreiging","Tredobbel trussel","Ameaça tripla","Tehlikeli Üçlü","ポーション盛り合わせ","水到渠成","무적의 트리오","Тройная угроза","التهديد الثلاثي","水到渠成","خطر سه برابر","Ancaman Lipat Tiga","Ancaman Gandaan Tiga","Nguy hiểm gấp ba","รวมพลังคูณสาม","Roimasti rohtoa"
"TID_EVENT_TITLE_EOS_BATTLEBOOST","Battle Boost","Boost de bataille","Kampfkönig","¡A dar guerra!","Marcia in più","Gevechtsboost","Stridsboost","Força na luta","Savaş Desteği","戦闘ブースト","战场强援","전투 부스트","Боевой клич","عتاد الحرب","戰力加持","تقویت تاریک","Pertempuran Ekstra","Galakan Pertempuran","Cường hóa Chiến đấu","พลังนักรบ","Taisteluteho"
"TID_EVENT_TITLE_EOS_BEHOLDTHEGOLD","Behold the Gold","L'or des runes","Pures Gold","Construcción y oro","Periodo d'oro","Aanschouw het goud","Ingen tull med gull","Ouro vindouro","Külçe Külçe Altın","ゴールドコントロール","堆金成山","보아라 골드다","Золотой резерв","كنز البنّاء","點石成金","طلای زیر خاکی","Tembok Emas","Emas Runtuh","Chiêm ngưỡng Vàng","เปิดหีบทองคำ","Kulta kultasein"
"TID_EVENT_TITLE_EOS_BRAWLBREW","Brawl Brew","Boisson pour la bagarre","Pures Gold","Sed de lucha","Elisir scacciapensieri","Knokbrouwsel","Bråkebrygg","Bom de briga","Savaş İçeceği","戦いの烽火","乱斗利器","싸움꾼 제조","Боевая подготовка","مشروب المقاتل","戰鬥絕技","معجون شبیخون","Racikan Laga","Laga Membara","Luyện chú Ẩu đả","มนตรานักสู้","Valmiina rähinään"
"TID_EVENT_TITLE_EOS_DARKKNOWLEDGE","Dark Knowledge","Savoir noir","Dunkles Wissen","Artes oscuras","Il lato oscuro degli eroi","Duistere kennis","Mørk kunnskap","Saber sombrio","Karanlık Bilgiler","闇の知識","暗黑宝藏","어둠의 지식","На черный день","أسرار الظلام","闇黑寶藏","سلطه سیاهی","Ilmu Hitam","Ilmu Kejahatan","Tri thức Hắc ám","ศาสตร์มืด","Pimeä puoli"
"TID_EVENT_TITLE_EOS_DISCOVERYRECOVERY","Discovery Recovery","Recherche et découverte","Forsche Forschung","Investigación y desarrollo","Ricerca e sviluppo","Ontdekking en herstel","Oppdagelse og gjenvinning","Pesquisa e descoberta","Araştırma Geliştirme","研究成果","独具慧眼","연구 재개","Двигатель науки","حب المعرفة","研究專精","اکتشاف و استخراج","Penelitian dan Pengembangan","Selidik Eliksir","Phát hiện Hồi phục","คู่มือนักวิจัย","Vahvat ja valppaat"
"TID_EVENT_TITLE_EOS_EMPOWERHOUR","Empower Hour","Puissante heure","Starke Stücke","Mejunje empoderante","Forza sovrumana","Krachtig moment","Styrketimen","Hora hercúlea","Güçlenme Zamanı","強化チャンス","强盛时刻","힘나는 시간","Трудное время","ساعة الحسم","強盛時刻","نمایش قدرت","Gagah Perkasa","Gagah Perkasa","Giờ Tăng lực","พลังนักสู้","Voimavartti"
"TID_EVENT_TITLE_GOLDDIG","Gold Dig","Filon d'or","Holdes Gold","Construcción áurea","Palazzi d'oro","Goudwinning","Gullgraving","Garimpando ouro","Altının Peşinde","稼ぎ時","掘金宝地","땅파면 골드","Золотодобыча","الجرعة الذهبية","淘金之路","بیل طلایی","Gali Emas","Penggalian Emas","Đào Vàng","นักขุดทอง","Kullankaivaja"
"TID_EVENT_TITLE_EOS_INTENSEFENCE","Intense Fence","Intense barrière","Mauerpower","Defensa intensa","Difesa serrata","Heftig hek","Intenst gjerde","Defesa intensa","Yıkılmaz Duvar","鉄の壁","壁垒森严","튼튼한 장벽","Мощный периметр","السور العظيم","建築壁壘","ساختار حصار","Pagar Tegar","Pertahanan Kuat","Rào cản Mãnh liệt","เสริมรั้วรับศึก","Aidat kuntoon"
"TID_EVENT_TITLE_EOS_OCEANOFPOTION","Ocean of Potion","Océan de potions","Tranktank","Magia potagia","Pozioni senza fondo","Zee van drankjes","Et hav av drikke","Profusão de poção","İksir Deryası","ポーションの海","药水海洋","포션의 바다","Волшебная волна","مهرجان الجرعات","藥水海洋","معدن معجون","Lautan Ramuan","Lautan Sihir","Đại dương Tiên dược","ห้วงสมุทรน้ำยา","Rohtoralli"
"TID_EVENT_TITLE_EOS_LIBRARYLEGEND","Library Legend","Bibliothéque légendaire","Bücherwurm","Entrenamiento literario","Il dotto del villaggio","Bibliotheeklegende","Leselig legende","Leitor ávido","Efsane Kütüphane","本の宝庫","博览群书","도서실 전설","Библиотека","المكتبة الأسطورية","博覽群書","رساله افسانه‌ای","Legenda Pustaka","Perwira Legenda","Thư viện Huyền thoại","เปิดห้องสมุด","Tie tähtiin"
"TID_EVENT_TITLE_EOS_POTIONEXPLOSION","Potion Explosion","Explosion de potions","Trankpracht","Explosión de poción","Esplosioni di pozioni","Drankjesuitbarsting","Eksplosiv drikk","Explosão de poção","İksir Bolluğu","ゴールドの使い道","药水汹涌","포션 폭발","Через край","سيل الجرعات","藥水洶湧","انفجار معجون","Luapan Ramuan","Letupan Posyen","Bùng nổ Thuốc","ระเบิดน้ำยา","Rohtoräjähdys"
"TID_EVENT_TITLE_EOS_SPELLINGCHAMP","Spelling Champ","L'entraînement pour les nuls","Zauberpower","Maestría en hechicería","Mago degli incantesimi","Spreukenkampioen","Formel 1","Mestre dos feitiços","Büyü Şampiyonu","呪文王者","法术大师","마법 캠프","Мастер заклинаний","الساحر الماهر","法術大師","تدریس طلسم","Raja Mantra","Mahir Bersihir","Thần chú Vô địch","ยอดนักร่ายเวทย์","Loitsumestari"
"TID_EVENT_TITLE_EOS_URBANPLANNING","Urban Planning","Urbanisme","Baugefühl","Planificación urbanística","Lavori di ampliamento","Stadsplanning","Byplanlegging","Planejamento urbano","Şehir Planlaması","開発計画","村庄规划","도시 계획","Урбанистика","تخطيط البناء","村莊願景","برنامه‌ریزی شهری","Perencanaan Kota","Perancangan Bandar","Quy hoạch Đô thị","วางผังเมือง","Rakennustarkastaja"
"TID_EVENT_TITLE_BLACK_MAGIC","Black Magic","Magie noire","Schwarze Magie","Magia negra","Magia nera","Zwarte magie","Svart magi","Magia negra","Kara Büyü","闇魔術","暗黑魔法","흑마법","Черная магия","السحر الأسود","黑暗魔法","جادوی سیاه","Ilmu Hitam","Sihir Kejahatan","Phép thuật Hắc ám","เวทมนตร์ดำ","Mustaa magiaa"
"TID_EVENT_TITLE_FIGHTING_SOLO","Fighting Solo","Combat en solo","Solokampf","Lucha individual","Guerrafondaio","Vechtersbaas","Kjemper alene","Lutando só","Tek İstediğim Dövüş","斬り込み隊長","一战独秀","홀로서기","Один в поле воин","القتال الفردي","獨戰鰲頭","جنگ فردی","Bertanding Solo","Bertempur Sendirian","Đơn thương độc mã","ศึกลุยเดี่ยว","Yksintaistelu"
"TID_EVENT_TITLE_HERO_NIGHT","Hero Night","Nuit des héros","Nacht der Helden","Noche heroica","Notte degli eroi","Heldendicht","Heltenatt","Noite de herói","Kahramanlık Gecesi","ヒーローナイト","英雄之夜","영웅의 밤","Ночь героев","ليلة الأبطال","英豪盛宴","شب قهرمان","Malam Pahlawan","Malam Wira","Đêm tỏa sáng của Tướng","ค่ำคืนแห่งผู้กล้า","Sankareiden yö"
"TID_EVENT_TITLE_DYNAMIC_DUO","Dynamic Duo","Duo dynamique","Dynamisches Duo","Duo dinámico","Il dinamico duo","Dynamisch duo","Dynamisk duo","Dupla dinâmica","Muhteşem İkili","ダイナミック・デュオ","最佳拍档","짝꿍","Динамичный дуэт","الثنائي الفعال","建築立事","جفت کارآمد","Duet Maut","Pasangan Dinamik","Bộ đôi Hoàn hảo","คู่หูจอมพลัง","Dynaaminen duo"
"TID_EVENT_TITLE_FAST_FORWARD","Fast Forward","Vers l'avant","Vorwärts, Marsch","Aceleración","Costruttore provetto","Vooruitspoelen","Spol fremover","Avanço rápido","İleri Sar","スピード重視","速建速决","빨리 감기","Время, вперед!","التقدم السريع","速建速決","با سرعت به پیش","Percepatan Waktu","Serangan Pantas","Tăng tốc","เร่งด่วนทันใจ","Etumatka"
"TID_EVENT_TITLE_SHINY_SHOVEL","Shiny Shovel","Pelle qui brille","Schillernde Schaufel","Pala reluciente","Palate d'oro","Schitterende schuiver","Skinnende spade","Pá brilhante","Parlak Kürek","ゴールドシャベル","掘金三尺","빛나는 삽","Блестящая лопата","المجرفة البراقة","掘金三尺","بیل زرین","Sekop Bersinar","Penyodok Berkilau","Xẻng lấp lánh","พลั่วขุดวิบวับ","Tartu lapioon!"
"TID_EVENT_TITLE_TRUTH_GOLD","Truth be Gold","Vérité d'or","Goldene Wahrheit","Oro reluciente","Mare d'oro","Goudeerlijk","Sannhet har gull i munn","Ouro vale mais","Harbi Altın","一攫千金","一诺千金","금빛 고백","Золотая жила","الذهب الثمين","點石成金","طلای تاریخی","Kejujuran Emas","Kebenaran Keemasan","Vàng ngập tràn","ทองแท้ไม่แพ้ไฟ","Kultakuume"
"TID_EVENT_TITLE_DARK_STAR","Dark Star","Étoile sombre","Dunkler Stern","Estrella oscura","Eroi oscuri","Duistere ster","Mørk stjerne","Estrela sombria","Kara Yıldız","ダークスター","英雄辈出","어두운 별","Черная звезда","نجم الظلام","英雄本色","ستاره سیاه","Bintang Gelap","Bintang Gelap","Ngôi sao Hắc ám","ดาวมฤตยู","Musta tähti"
"TID_EVENT_TITLE_GOLDEN_SPEED","Golden Speed","Vitesse d'or","Goldenes Tempo","Velocidad dorada","Oro fulmineo","Gouden vaart","Gyllen hastighet","Velocidade de ouro","Altın Hız","ゴールドスピード","黄金速度","금빛 질주","С размахом","سرعة من ذهب","黃金時代","سرعت طلایی","Kecepatan Emas","Kelajuan Emas","Vận tốc Vàng","ทองพลุ่งพล่าน","Kullalla kuntoon"
"TID_EVENT_TITLE_RELOCATION_EXPERT","Relocation Expert","Déménageurs gobelins","Umsiedlungsprofi","Maestros del diseño","Esperti in traslochi","Meesterschuiver","Flytteekspert","Sabichão da redistribuição","Yer Değiştirme Uzmanı","引っ越し屋さん","移位达人","재배치 전문가","Знаток местности","خبير التنقل","移位達人","متخصص جابه‌جایی","Ahli Relokasi","Pakar Pemindahan","Chuyên gia dọn dẹp","นักขนย้ายมือฉมัง","Paikka vaihtoon!"
"TID_EVENT_TITLE_SPELLBOUND","Spellbound","Enchanté","Zauberfibel","Hechizante","Abracadabra","Betoverd","Formel 1","Enfeitiçado","Abrakadabra","魅惑の魔術","法术之力","마법의 정석","Чары-мары","السحر العارم","法術之力","طلسم‌شده","Mantra Mujarab","Ilmu Ghaib","Sức mạnh Thần chú","ต้องมนต์อาคม","Loitsunluku"
"TID_EVENT_TITLE_CONSTRUCTIONJUICE","Construction Juice","En construction","Baubrause","Revitalizante","Tonico","Bouwkracht","Byggejuice","Na construção","İnşaat Şerbeti","建設日和","建筑能量","건축가의 주스","Пей да строй","عصير البناء","建設泉源","نوشابه سازندگی","Jus Pembangunan","Pati Pembinaan","Thuốc xây dựng","น้ำยางานก่อสร้าง","Rakennuslimu"
"TID_EVENT_TITLE_GARDENHERO","Garden Warrior","Jardin héroïque","Gartenkrieger","Jardín heroico","Feng shui","Tuinheld","Hagekriger","Jardim heroico","Bahçe Savaşçısı","庭師の英雄","园艺英雄","정원사 전사","Воин-садовник","محارب البستان","園藝英雄","جنگجوی باغچه","Prajurit Taman","Pahlawan Kebun","Chiến binh làm vườn","นักรบรักษ์โลก","Puutarhasoturi"
"TID_EVENT_TITLE_SHINYSHOVEL","Shiny Shovel","Pelle qui brille","Schillernde Schaufel","Pala reluciente","Palate d'oro","Schitterende schuiver","Skinnende spade","Pá brilhante","Parlak Kürek","ゴールドシャベル","掘金三尺","빛나는 삽","Блестящая лопата","المجرفة البراقة","掘金三尺","بیل زرین","Sekop Bersinar","Penyodok Berkilau","Xẻng lấp lánh","พลั่วขุดวิบวับ","Tartu lapioon!"
"TID_EVENT_TITLE_INSTANTDEVELOPMENT","Instant Development","Développement instantané","Sofortausbau","Desarrollo instantáneo","Sviluppo rapido","Onmiddellijke ontwikkeling","Øyeblikkelig utvikling","Melhoria instantânea","Anında Gelişim","即時開発","极速建造","순간 토지 개발","Быстрый прогресс","التطوير الفوري","快速發展","پیشرفت فوری","Pembangunan Instan","Perkembangan Segera","Phát triển Tức thì","สร้างด่วนทันใจ","Pikapäivitys"
"TID_EVENT_TITLE_BIGDIG","Big Dig","Ça creuse","Großes Graben","Excavación","Lavori in corso","Schoon schuiven","Grav dypt","Escavação","Büyük Kazı","穴掘りの達人","一铲到位","큰 삽질","Большие раскопки","الحفرة الكبيرة","一鏟到位","حفاری بزرگ","Gali Terus","Cari Gali","Mở rộng Khai hoang","ขุดครั้งใหญ่","Isommalla lapiolla"
"TID_EVENT_TITLE_FINISHINGTOUCH","Finishing Touch","Méticuleux","Feinschliff","Toque final","Tocco finale","Laatste hand","En siste finpuss","Toque final","Son Rötuşlar","最後の仕上げ","添砖加瓦","화룡점정","Финальный штрих","اللمسة النهائية","畫龍點睛","میخ آخر","Sentuhan Terakhir","Sentuhan Pembina","Xây dựng Cấp tốc","บ้านสวยด้วยมือเรา","Viimeinen silaus"
"TID_EVENT_TITLE_BATTLEMAX","Battle Max","Combat au max","Heldendeal","Indestructibles","Gli imbattibili","Volop vechten","Maks kamp","Batalha maximizada","Saldırı Paketi","全力バトル","全副武装","전투태세","Бой до конца","أتم استعداد","全副武裝","نبرد سرشار","Habis-Habisan","Kebal Pakan","Sẵn sàng ra trận","สู้ขาดใจ","Energiaruiske"
"TID_EVENT_TITLE_ATTACKPACK","Attack Pack","Pack d'attaque","Angriffspaket","Lote de ataque","Pacchetto d'assalto","Aanvalspakket","Angrepspakke","Pacote de ataque","Saldırı Grubu","攻撃パック","进攻助力礼包","공격 팩","Набор для атаки","مجموعة الهجوم","全力進攻特惠包","بسته حمله","Paket Serangan","Pek Serangan","Gói Tấn công","แพ็คโจมตี","Hyökkäyspaketti"
"TID_EVENT_TITLE_BLINGTWINS","Bling Twins","Double richesse","Klunkerdoppel","Doble caudal","Doppie rune","Blingtweeling","Blingtvillinger","Ouro dobrado","Şık Çift","キラキラツイン","好石成双","귀염둥이 쌍둥이","Богатая парочка","الثنائي الثمين","好石成雙","جفت ممتاز","Si Kembar Berkilau","Kembar Berkilau","Cặp đá cổ ngữ","คู่หูวิบวับ","Tuplataika"
"TID_EVENT_TITLE_CONSTRUCTION101","Construction 101","Construction pour les nuls","Bauwesen-Einmaleins","Construye ya","Corso di edilizia","Nieuwbouw","Konstruksjon for nybegynnere","Manual de construção","İnşaat 101","建設入門セット","立本之道","건축학 개론","Конструктор для начинающих","أسس التشييد","建設準則","ساخت‌و‌ساز مقدماتی","Pembangunan 101","Pembinaan 101","Bách khoa xây dựng","ก่อสร้างพื้นฐาน 101","Rakennusniksejä"
"TID_EVENT_TITLE_HEROMIXER","Hero Mixer","Fête des héros","Heldengala","Fiesta de héroes","Gran gala degli eroi","Heldengala","Heltemikser","Mistura de herói","Kahraman Seti","ヒーローミキサー","英雄助力","영웅 믹서","Героический замес","لقاء الأبطال","蓋世英雄","قهرمان بجوش","Pesta Pahlawan","Pesta Wira","Buổi tiệc Tướng","ผู้กล้าทรงพลัง","Sankareita kaikki"
"TID_EVENT_TITLE_TOUCH_OFGOLD","Touch of Gold","Éclat d'or","Ein Hauch von Gold","Toque de oro","Vena d'oro","Alles is goud","Et snev av gull","Toque de ouro","Altın Dokunuş","金の感触","金币盛宴","골드 터치","Позолотить ручку","اللمسة الذهبية","金藥充沛","ردّی از طلا","Sentuhan Emas","Sentuhan Emas","Bàn tay Vàng","ทองคำประดับประดา","Hippunen kultaa"
"TID_EVENT_TITLE_GOLD_TERRITORY","Gold Territory","Terres dorées","Goldener Boden","Área áurea","Lande dorate","Gouden territorium","Gullterritorium","Território de ouro","Altın Bölgesi","ゴールドテリトリー","固若金汤","골드 존","Золотой запас","أرض الذهب","固若金湯","قلمرو طلایی","Wilayah Emas","Kawasan Emas","Lãnh thổ Vàng ròng","ดินแดนแห่งทองคำ","Kultasuoni"
"TID_EVENT_TITLE_FIGHTING_CHANCE","Fighting Chance","Préparation de combat","Rosige Aussichten","A troche y moche","Nuvole di guerra","Gevechtsklaar","Kjempesjanse","Chance de sucesso","Kazanma Şansı","戦いの好機","书山有路","승리의 기회","Шанс на успех","فرصة للقتال","書寫勝利","فرصت مبارزه","Peluang Bertarung","Peluang Berlawan","Cơ hội Chiến đấu","ตำราพิชัยสงคราม","Taistelutahto"
"TID_EVENT_TITLE_IMMENSE_DEFENSE","Immense Defense","Immense défense","Starke Verteidigung","Defensa inmensa","Difese lampo","Vette verdediging","Kolossalt forsvar","Uma tremenda defesa!","Muazzam Savunma","万全の守り","无懈可击","엄청난 방어","Несокрушимая защита","الدفاع المنيع","無懈可擊","دفاعی قوی","Pertahanan Kokoh","Pertahanan Kuat","Khả năng phòng thủ khủng","ตั้งรับอย่างอุ่นหนาฝาคั่ง","Mieletön puolustus"
"TID_EVENT_TITLE_NYSPECIAL","New Year Special","Spécial Nouvel An","Neujahrs-Special","Especial de Año Nuevo","Speciale anno nuovo","Nieuwjaarsspecial","Nyttårsspesial","Especial de ano novo","Yeni Yıla Özel","新年スペシャル","新年特惠","새해 스페셜","К Новому году","عرض العام الجديد الخاص","新年特惠","ویژه سال نو","Spesial Tahun Baru","Tahun Baharu!","Ưu đãi Năm Mới","ปีใหม่สุดพิเศษ","Uudenvuoden erikoinen"
"TID_EVENT_TITLE_BUILDINGWISDOM","Building Wisdom","Ouvrier sage","Sehr erbaulich","Manos a la obra","Edilizia saggia","Bouwwijsheid","Byggekløkt","Construção do saber","Bina Temeli","建設的な知識","建筑奥秘","건설 비법","Мудрый зодчий","حكمة البناء","建築奧秘","شعور سازندگی","Bijak Membangun","Akal Budi","Thợ xây thông thái","ปรัชญาอาคาร","Fiksu rakentaja"
"TID_EVENT_TITLE_ANYTHING_GOES","Anything Goes","À tout va","Alles ist möglich!","Todo y más","Onniscienza ed edilizia","Alles in overvloed","Alt skal bort","Vale tudo","Her Şey Serbest","やりたい放題！","假期强援","건설하기 좋은 계절","Все подряд","كل الخيارات متاحة","萬全準備","همه چی قبوله","Apa Saja Boleh","Apa-apa Pun Jadi","Gì cũng được","ได้ทุกอย่าง","Kaikki käy"
"TID_EVENT_TITLE_ADVCHANCE","Advance Chance","Coup de pouce","Bessere Verbesserungen","Oportunidad de mejora","La forza del progresso","Upgradeplezier","Fremgangssjanse","Chance de avanço","Gelişme Şansı","躍進の好機","升级有方","한발 앞으로","Шанс на прорыв","فرصة التقدم","升級有方","فرصت پیشرفت","Peluang Peningkatan","Peluang untuk Maju","Cơ hội Thăng tiến","โอกาสก้าวหน้า","Kehitysmahdollisuus"
"TID_EVENT_TITLE_BOOST","Boost Juice","Cocktail boosté","Schubstrom","Brebaje potenciador","Intruglio potenziato","Boostkracht","Boostjuice","Poção potencializadora","Güçlendirme Suyu","ブースト日和","能量特饮","부스트 주스","Укрепляющий коктейль","شراب التعزيز","能量飲料","عصاره تقویت","Jus Pelaju","Jus Galakan","Nước ép Cường hóa","น้ำยาเพิ่มพลัง","Tehostuspirtelö"
"TID_EVENT_TITLE_EMG","Everything Must Go","Liquidation totale","Alles muss raus!","Liquidación total","Fuori tutto","Op = op","Alt skal vekk","Liquidação total","Patron Çıldırdı","売りつくし","琳琅满目","완벽한 준비","Все с молотка","تصفيات","包羅萬象","آتیش زدم به مالم","Cuci Gudang","Jualan Sampai Habis","Mọi thứ phải ra đi","งานนี้แจกไม่อั้น","Varaston tyhjennys"
"TID_EVENT_TITLE_HJP","Hammer Jam Pack","Pack Convention des marteaux","Hammerparty-Paket","Lote de Martillomanía","Pacc. Qui si batte chiodo!","Hammer Jam-pakket","Hammer Jam-pakke","Pacote da Martelofolia","Çekiç Vakti Paketi","建設ラッシュパック","夯木节礼包","해머잼 팩","Набор Hammer Jam","مجموعة Hammer Jam","歡樂升級嘉年華特惠包","بسته «چکش‌کاری فشرده»","Paket Hammer Jam","Pek Hammer Jam","Gói Hammer Jam","แพ็ค Hammer Jam","Hammer Jam -paketti"
"TID_EVENT_TITLE_SPRING_SPECIAL","Spring Special","Offre du printemps","Frühlingsangebot","Lote especial","Offerta di primavera","Voorjaarsspecial","Vårspesial","Oferta especial","Bahara Özel","春の特別セール","春季特惠","봄맞이 특가","Весенняя акция","عرض الربيع الخاص","春季特惠","ویژه بهار","Spesial Musim Semi","Istimewa Musim Bunga","Ưu đãi Mùa xuân","พิเศษฤดูร้อน","Kevättarjous"
"TID_EVENT_TITLE_BOOK_SMART","Book Smart","Livre-aison","Bücherweisheit","Biblioteca con sorpresa","Fiera del libro","Boekenwurm","Bokorm","Feira do livro","Kitap Kurdu","本の虫","书写胜利","스마트 북","Книжный червь","معارف الكتب","書卷致勝","نخبه","Kitab Pintar","Cerdik Pandai","Thư sinh Thông thái","หนอนหนังสือ","Kirjaviisas"
"TID_EVENT_TITLE_TRIPLEAID","Triple Aid","Secours triple","Dreifachhilfe","Receta mágica","Triplo aiuto","Drie drankjes","Trippelhjelp","Auxílio triplo","Üçlü Destek","3本の柱","三重助力","트리플에이드","Тройная помощь","مساعدة ثلاثية","加緊趕工","کمک سه گانه","Tiga Bantuan","Tiga Bantuan","Hiệu quả gấp ba","สร้างด่วนคูณสาม","Tripla-apu"
"TID_EVENT_TITLE_RUNE_AWAKENING","Rune Awakening","Réveil des runes","Runenerwachen","El poder de las runas","Incetta di rune","Rune-ontwaking","Intens innspurt","Runas miraculosas","Rün Dirilişi","ルーンの覚醒","符石闪耀","깨어나라 룬이여!","Рунное возрождение","مفاجأة التمائم","符石大師","خزان ناخوانده","Kebangkitan Rune","Kejutan Rune","Đá cổ ngữ Thức tỉnh","รูนปลุกพลัง","Reilut riimukivet"
"TID_EVENT_TITLE_UPDATE_MEGA","Update Mega Pack","Mégapack de la mise à jour","Update-Megapaket","Megalote de actualización","Mega pacc. dell'aggiornamento","Mega-updatepakket","Megastor oppdateringspakke","Megapacote de atualização","Güncelleme Mega Paketi","アップデートメガパック","升级超级礼包","업데이트 메가 팩","Меганабор к обновлению","مجموعة التحديث العملاقة","超級升級特惠包","اَبَربسته به‌روزرسانی","Paket Pembaruan Mega","Pek Mega Naik Taraf","Gói Siêu Nâng cấp","แพ็คเมก้าอัปเดต","Megapäivityspaketti"
"TID_EVENT_TITLE_CNY1_PACK","Lunar Festival","Festival lunaire","Mondfest","Festival Lunar","Festival lunare","Lunair festival","Månefestival","Festival Lunar","Ay Festivali","旧正月","新春佳节 ","설날 맞이 특가","Китайский Новый год","مهرجان العام القمري ","新春佳節","جشنواره سال نو چینی ","Festival Imlek","Pesta Tahun Baru Cina","Tết Nguyên Đán","เทศกาลตรุษจีน","Kiinalaisen uudenvuoden festivaali"
"TID_EVENT_TITLE_SUPER_BUNDLE","Super Bundle","Super lot","Super-Bundle","Superoferta","Super bundle","Superbundel","Superknippe","Supercombo","Süper Paket","スーパーセット","超级礼包","슈퍼 묶음 상품","Супернабор","الباقة الخارقة","超級特惠","اَبَر بسته ترکیبی","Paket Super","Pakej Super","Gói siêu cấp","ห่อพลังซูเปอร์","Superpaketti"
"TID_EVENT_TITLE_DOUBLEMUSCLE","Double Muscle","Bâtisseur","Baulöwe","Construcción","Doppia forza","Dubbel bouwen","Dobbelmuskel","Construção dobrada","İki Kat İnşaat","筋肉で解決","双建合璧","더블 머슬","Двойная сила","حجرا الأساس","雙重藍圖","سازش مضاعف","Tenaga Ganda","Binaan Berganda","Sức mạnh nhân đôi","พลังกล้ามคูณสอง","Tuplamuskeli"
"TID_EVENT_TITLE_SUMMERUPDATESPECIAL","Summer Special","Spécial été","Sommer-Special","Oferta especial","Offerta estiva","Zomerspecial","Sommerspesial","Oferta especial","Yaza Özel","夏の大サービス","夏季特惠","써머 스페셜","Особая летняя акция","عرض الصيف الخاص","夏季特惠","ویژه تابستان","Spesial Musim Panas","Istimewa Musim Panas","Ưu đãi Mùa hè Đặc biệt","ข้อเสนอพิเศษฤดูร้อน","Kesän erikoistarjous"
"TID_EVENT_TITLE_SUMMER199","Summer's End Special","Spécial fin d'été","Sommerende-Special","Evento especial","Contenuti speciali di fine estate","Zomereindespecial","Sommersluttspesial","Evento especial","Yaz Sonu Özel","夏の終わりスペシャル","夏末特惠","뜨거웠던 여름의 끝!","Акция к концу лета","عرض نهاية الصيف الخاص","夏末特惠","ویژه پایان تابستان","Akhir Musim Panas Spesial","Istimewa Hujung Musim Panas","Ưu đãi Cuối hè","ข้อเสนอพิเศษสิ้นสุดฤดูร้อน","Loppukesän erikoinen"
"TID_EVENT_TITLE_ICY_DARKNESS","Icy Darkness","Ténèbres glacées","Eisige Dunkelheit","Oscuridad helada","Tenebre glaciali","IJzige duisternis","Isete mørke","Sombra gélida","Buzlu Karanlık","冷たい闇","冰封暗影","차디찬 어둠","Ледяная тьма","صقيع وظلمة","冰封暗影","تاریکی یخی","Dingin Mencekam","Kegelapan Berais","Bóng đêm Băng giá","ความมืดมิดเย็นเยือก","Jäinen pimeys"
"TID_EVENT_TITLE_COMMON_CENTS","Common Cents","Petites pièces","Centsation","Céntimos comunes","Per un pugno di centesimi","Prachtig profijt","En krone spart","Meros centavos","Bini Bir Para","常識ハズレの大割引","物有所值","푼돈","Дешево и сердито","في متناول اليد","物有所值","سِنت سلیم","Penawaran Receh","Harga Rahmah","Giảm giá sập sàn","ราคาปุถุชน","Järkivalinnat"
"TID_EVENT_TITLE_BARGAIN_JARGON","Bargain Jargon","Jargon négociant","Hand (voll Gold) drauf","Jerga de chollos","Parlantina da venditore","Dat scheelt","Klingende mynt","Uma barganha","Eli Sıkı","燃えるバーゲン魂","物美价廉","가성비 굿","Выгодная сделка","صفقة ممتازة","物美價廉","فن تخفیف","Sayang Anak","Super Jimat","Ưu đãi hấp dẫn","รหัสลับส่วนลด","Tarjouslaari"
"TID_EVENT_TITLE_BRIEF_RELIEF","Brief Relief","Petite pause","Leichte Erleichterung","Breve respiro","Un po' di sollievo","Kostelijk goedkoop","Pent tjent","Alívio imediato","Pazarlık Payı","ささやかな支援","低价优质","번개 세일","Почти даром","قمة التوفير","低價超值","آسودگی موقت","Balik Modal","Jualan Panas","Rẻ như bèo","ค่าบรรเทาทุกข์","Hetken helpotus"
"TID_EVENT_TITLE_CHEAPER_KEEPER","Cheaper Keeper","Ça vaut le coup","Wahnsinnig billig","Baratura","Prezzo imbattibile","Voordeelpret","Rimelig smart","Mais em conta","Ucuza Kapatalım","夏の防衛応援セール","便宜好物","득템","Большая выгода","عرض رخيص","經濟實惠","ارزان ولی به‌دردبخور","Hemat Pangkal Kaya","Murah Gila","Giá rẻ bất ngờ","ลดแลกแจกแถม","Halpiskamaa"
,,,,,,,,,,,,,,,,,,,,,
,,,,,,,,,,,,,,,,,,,,,
,,,,,,,,,,,,,,,,,,,,,
"TID_EVENT_ANIMATION_GETITNOW","Get it Now!","Pour vous, maintenant !","Zum Shop!","¡No te la pierdas!","Acquista ora!","Haal er nu een!","Slå til nå!","Adquira já!","Şimdi Al!","今すぐゲット！","立即获取！","지금 구매하세요!","Поспешите!","احصل عليه الآن!","立即獲取！","همین حالا!","Dapatkan Sekarang!","Dapatkan Sekarang!","Mua ngay!","รวยทันใจ!","Hanki omasi nyt!"
"TID_EVENT_ANIMATION_DON'TMISSOUT","Don't Miss out!","À ne pas rater","Zugreifen!","No te la pierdas","Non perdertela!","Mis het niet!","Slå til nå!","Não perca!","Kaçırma!","お見逃しなく！","不要错过！","기회를 놓치지 마세요!","Не пропустите!","لا تضيع الفرصة","不要錯過！","از دست ندهید!","Ayo Dapatkan!","Jangan terlepas","Đừng bỏ lỡ nhé!","อย่าได้พลาด!","Älä jää paitsi!"
"TID_EVENT_ANIMATION_FEARNOT","Fear Not!","Pas d'inquiétude","Keine Angst!","¡No tengas miedo!","Non avere dubbi!","Wees niet bang!","Frykt ikke!","Não tema!","Korkma!","恐れずに！","勇者无畏！","두려워하지 마세요!","Залог бесстрашия!","لا تخف!","無所畏懼！","ترس به دلت راه نده!","Jangan Takut!","Usah takut!","Không cần phải sợ!","อย่าได้กลัว!","Rohkeasti vaan!"
"TID_EVENT_ANIMATION_FEELTHEPOWER","Feel the Power!","Offre puissante","Spüre die Power!","¡Siente el poder!","Ora si fa sul serio!","Voel de kracht!","Kjenn kraften!","Sinta a intensidade!","Gücü Hisset!","力をその手に！","感受力量！","강력한 힘을 느껴보세요!","Источник силы!","استمتع بالقوة!","感受力量！","لذت قدرت!","Rasakan Kekuatan Ini!","Rasailah Kuasanya!","Sức mạnh tràn trề!","สัมผัสถึงพลังสิ!","Aisti voima!"
"TID_EVENT_ANIMATION_UPGRADENOW","Upgrade now!","Pour vous, maintenant !","Jetzt verbessern!","¡A mejorar!","Migliora adesso!","Nu upgraden!","Oppgrader nå!","Melhorias já!","Şimdi yükselt!","今すぐアップグレード！","现在升级！","지금 업그레이드하세요!","Время улучшать!","قم بالترقية الآن!","立即升級！","حالا ارتقاء بده!","Tingkatkan Sekarang!","Naik taraf sekarang!","Nâng cấp ngay nào!","อัปเกรดเลย!","Päivitä nyt!"
"TID_EVENT_ANIMATION_OUTOFTHEWAY","Out of the Way!","C'est parti !","Aus dem Weg!","¡Fuera de mi camino!","Pista!","Nu upgraden!","Unna vei!","Sai da frente!","Çekil Yolumdan!","道を切り拓け！","披荆斩棘！","저리 비켜!","С дороги!","لا تقف في طريقي!","披荊斬棘！","کنار بکش!","Enyah dari Sini!","Ke tepi!","Dọn đường!","หลบหน่อยพระเอกมา!","Pois alta!"
"TID_EVENT_ANIMATION_GOLDSTANDARD","Gold Standard!","Standards dorés","Goldener Standard!","Medalla de oro","Guarda come luccica!","Gouden standaard!","Gullstandard!","Padrão de ouro!","Altın Standart!","ゴールデンスタンダート！","黄金法则！","골드가 최고!","Золотой стандарт!","المعيار الذهبي","黃金法則！","استاندارد طلایی!","Standar Emas!","Standard Emas!","Tiêu chuẩn vàng!","ทองคำแท้แน่นอน!","Kultakanta"
"TID_EVENT_ANIMATION_HEROPRIDE","Hero Pride!","Fierté héroïque","Stolz des Helden!","¡Orgullo heroico!","Potere agli eroi!","Heldenmoed!","Heltens stolthet!","Orgulho de herói!","Kahramanlık Gururu!","ヒーローの品格！","英雄魅力！","영웅의 긍지!","Честь героя!","فخر الأبطال","英雄魅力！","افتخار قهرمان!","Kebanggaan Pahlawan!","Kebanggaan Wira!","Niềm kiêu hãnh của Tướng!","ผู้กล้าอหังการ!","Sankariylpeyttä"
"TID_EVENT_ANIMATION_MOVEIT","Move it!","On déplace tout !","Bewegung!","¡Muévelo!","Facciamo ordine!","Weg ermee!","Av gårde!","Movendo tudo!","Haydi!","自由に移動！","随心所移！","서두르세요!","Движение —жизнь!","بسرعة!","隨心所移！","جابه‌جایش کن!","Ayo Bergerak!","Alihkannya!","Dọn dẹp nào!","ถึงเวลาแยกย้าย!","Liikkeelle!"
"TID_EVENT_ANIMATION_FEELTHEMAGIC","Feel the Magic!","C'est magique !","Mächtige Magie!","Siente la magia","Magia!","Voel de magie!","Føl magien!","Só magia!","Büyüyü Hisset!","これぞ魔力だ！","法术神威！","마법의 힘!","Это волшебство!","فعل السحر","魔法在手！","جادو رو حس کن!","Rasakan Sihir!","Rasai Keajaiban","Phép thuật mạnh mẽ!","สัมผัสเวทมนตร์!","Taianomaista!"
"TID_EVENT_ANIMATION_NEVERENOUGH","Never Enough!","Jamais assez","Nie genug!","¿Aún más?","Mai senza!","Nooit genoeg!","Aldri nok!","Sempre mais!","Onsuz Olmaz!","飽くなき情熱！","多多益善！","더, 더, 더!","Много не мало!","هل من مزيد؟","多多益善！","همیشه کمه!","Mau Lagi?","Tak cukup ni!","Không bao giờ đủ!","ยังไม่พอ!","Mikään ei riitä"
"TID_EVENT_ANIMATION_BEWISE","Be Wise!","Soyez sage !","Weises Werk","¡El conocimiento es poder!","Saggia scelta!","Wees wijs!","Bruk hodet!","Conhecimento é poder!","Akıllıca!","知恵を絞れ！","安排有道！","현명하게!","Мудрый выбор","تسلح بالحكمة","巧妙安排！","عاقل باش!","Bersikap Bijak!","Bijak Bestari!","Hãy sáng suốt!","ฉลาดใช้!","Toimi viisaasti!"
"TID_EVENT_ANIMATION_ALLYOUNEED","All You Need!","Pour tous vos besoins","Alles, was du brauchst!","¡Imprescindible!","Indispensabile!","Alles wat je wilt!","Alt du trenger!","Imprescindível!","Tüm Gerekenler!","これが肝心！","想您所想！","생필품!","Самое нужное","كل ما تحتاج إليه","築夢踏實！","همه آنچه که می‌خواهی!","Persediaan Penting!","Keperluan Anda!","Tất cả những gì bạn cần!","ทุกสิ่งที่ต้องการ!","Kaikki tarpeellinen!"
"TID_EVENT_ANIMATION_HAPPYNEWYEAR","Happy New Year!","Bonne année !","Frohes neues Jahr!","¡Feliz Año Nuevo!","Buon anno nuovo!","Gelukkig nieuwjaar!","Godt nyttår!","Feliz Ano-Novo!","Herkesin Yeni Yılını Kutlarız!","明けましておめでとうございます！","新年快乐！","해피 뉴 이어!","С Новым годом!","سنة سعيدة!","Happy New Year！","سال نو میلادی مبارک!","Selamat Tahun Baru!","Selamat Tahun Baharu!","Chúc mừng Năm mới!","สวัสดีปีใหม่!","Hyvää uutta vuotta!"
"TID_EVENT_ANIMATION_STARTSTRONG","Start strong!","Ça commence fort !","Starker Start!","¡En marcha!","Inizio super!","Begin sterk!","Kom godt i gang!","Comece a todo vapor!","Güçlü başla!","スタートダッシュ！","开战大吉！","강하게 시작하세요!","Мощный старт!","ابدأ بداية قوية!","旗開得勝！","پرتوان شروع کن!","Awal gemilang!","Arah Gemilang","Khởi đầu hoành tráng!","เริ่มปีอย่างแข็งแกร่ง!","Kunnon aloitus!"
"TID_EVENT_ANIMATION_GOFORIT","Go for it!","C'est parti","Greif zu!","¡Aprovecha!","Approfittane!","Ga ervoor!","Kjør på!","Vamos lá!","Hepsi seni bekliyor!","今すぐゲット！","机不可失","지금 활용해보세요!","Налетай!","لا تضيع الفرصة!","機不可失","بگیریدش!","Jangan lewatkan!","Pergilah!","Hãy thử xem nhé!","ลุยเลย!","Anna palaa!"
"TID_EVENT_ANIMATION_PREPAREYOURSELF","Prepare Yourself!","Pour le combat !","Mach dich bereit!","¡Prepárate!","Preparati!","Bereid je voor!","Gjør deg klar!","Prepare-se!","Hazırlan!","戦いに備えよう！","全面备战！","공격에 대비하세요!","Пора готовиться!","استعد!","全面備戰！","خودتان را آماده کنید!","Siapkan Dirimu!","Bersiap Sedialah!","Chuẩn bị Sẵn sàng!","จงเตรียมพร้อม!","Oletko valmiina?"
"TID_EVENT_ANIMATION_UPDATEOFFER","Update Offer!","Offre de la mise à jour","Update-Angebot!","Oferta de actualización","Offerta dell'aggiornamento!","Update-aanbieding.","Oppdateringstilbud!","Oferta de atualização!","Güncelleme Teklifi!","アップデートセール！","更新特惠！","업데이트 특가 상품!","Акция к обновлению!","عرض التحديث","更新特惠！","پیشنهاد به‌روزرسانی!","Penawaran Pembaruan!","Tawaran Kemas Kini!","Ưu đãi Cập nhật!","ข้อเสนออัปเดต!","Päivitystarjous"
"TID_EVENT_ANIMATION_OPPOTUNITYKNOCKS","Opportunity Knocks","Une belle affaire","Kannst du das ablehnen?","La oportunidad llama","L'occasione","Buitenkansje","Mulighetene kaller","Oferta na mão","Fırsat Kapıya Dayandı","最強割引チャンス","机不可失","절호의 기회","Особый шанс","الفرصة تطرق بابك","機不可失","شانس بر در می‌کوبد","Racun Belanja","Jangan Terlepas","Cơ hội đến rồi!","โอกาสมาเยือน","Tilaisuus kolkuttaa"
"TID_EVENT_ANIMATION_UPDATEOFFER","Update Offer!","Offre de la mise à jour","Update-Angebot!","Oferta de actualización","Offerta dell'aggiornamento!","Update-aanbieding.","Oppdateringstilbud!","Oferta de atualização!","Güncelleme Teklifi!","アップデートセール！","更新特惠！","업데이트 특가 상품!","Акция к обновлению!","عرض التحديث","更新特惠！","پیشنهاد به‌روزرسانی!","Penawaran Pembaruan!","Tawaran Kemas Kini!","Ưu đãi Cập nhật!","ข้อเสนออัปเดต!","Päivitystarjous"
"TID_EVENT_ANIMATION_ENDOFSUMMER","Summer's End Special","Spécial fin d'été","Sommerende-Special","Evento especial","Contenuti speciali di fine estate","Zomereindespecial","Sommersluttspesial","Evento especial","Yaz Sonu Özel","夏の終わりスペシャル","夏末特惠","뜨거웠던 여름의 끝!","Акция к концу лета","عرض نهاية الصيف الخاص","夏末特惠","ویژه پایان تابستان","Akhir Musim Panas Spesial","Istimewa Hujung Musim Panas","Ưu đãi Cuối hè","ข้อเสนอพิเศษสิ้นสุดฤดูร้อน","Loppukesän erikoinen"
,,,,,,,,,,,,,,,,,,,,,
"TID_EVENT_TITLE_UPDATE_MEGA","Update Mega Pack","Mégapack de la mise à jour","Update-Megapaket","Megalote de actualización","Mega pacc. dell'aggiornamento","Mega-updatepakket","Megastor oppdateringspakke","Megapacote de atualização","Güncelleme Mega Paketi","アップデートメガパック","升级超级礼包","업데이트 메가 팩","Меганабор к обновлению","مجموعة التحديث العملاقة","超級升級特惠包","اَبَربسته به‌روزرسانی","Paket Pembaruan Mega","Pek Mega Naik Taraf","Gói Siêu Nâng cấp","แพ็คเมก้าอัปเดต","Megapäivityspaketti"
"TID_EVENT_TITLE_UPDATE_OFFER","Update Offer!","Offre de la mise à jour","Update-Angebot!","Oferta de actualización","Offerta dell'aggiornamento!","Update-aanbieding.","Oppdateringstilbud!","Oferta de atualização!","Güncelleme Teklifi!","アップデートセール！","更新特惠！","업데이트 특가 상품!","Акция к обновлению!","عرض التحديث","更新特惠！","پیشنهاد به‌روزرسانی!","Penawaran Pembaruan!","Tawaran Kemas Kini!","Ưu đãi Cập nhật!","ข้อเสนออัปเดต!","Päivitystarjous"
,,,,,,,,,,,,,,,,,,,,,
"TID_EVENT_TITLE_ONETIMEPURCHASE","ONE TIME PURCHASE!","ACHAT UNIQUE","EINMALIGER KAUF!","¡COMPRA ÚNICA!","ACQUISTABILE UNA SOLA VOLTA!","EENMALIGE AANKOOP!","ENGANGSKJØP!","COMPRA ÚNICA!","TEK SEFERLİK FIRSAT!","購入は1回のみ！","限购一次！","1회 한정 구매!","РАЗОВАЯ АКЦИЯ!","شراء لمرة واحدة!","限購一次！","خرید یک‌باره!","PEMBELIAN SATU KALI!","PEMBELIAN SATU KALI!","ƯU ĐÃI MỘT LẦN!","การซื้อแบบครั้งเดียว!","KERTAOSTOS!"
"TID_EVENT_TITLE_ONETIMEONLY","ONE TIME ONLY!","LIMITÉ À UNE FOIS","EINMALIG!","¡SOLO UNA VEZ!","SOLO UNA VOLTA!","EENMALIG!","KUN ÉN GANG!","CHANCE ÚNICA!","TEK SEFERLİK!","初回限定！","仅限一次！","1회 한정!","ДОСТУПНО ТОЛЬКО 1 РАЗ!","مرة واحدة لا تتكرر!","僅限一次！","فقط یک بار!","HANYA SATU KALI!","SATU KALI SAHAJA!","CHỈ MỘT LẦN DUY NHẤT!","ครั้งเดียวเท่านั้น!","SAATAVILLA VAIN KERRAN!"
"TID_EVENT_TITLE_WELCOMETOCLASH","Welcome to Clash!","Bienvenue dans Clash !","Willkommen bei Clash!","¡Te damos la bienvenida a Clash of Clans!","Ti diamo il benvenuto su Clash!","Welkom bij Clash!","Velkommen til Clash!","Bem-vindo ao Clash!","Clash'e hoş geldin!","クラクラへようこそ！","首领，欢迎您加入！","클래시 세계에 오신 걸 환영합니다!","Добро пожаловать в Clash of Clans!","مرحبًا بكم في Clash!","首領，歡迎你加入！","به Clash خوش آمدید!","Selamat datang di Clash!","Selamat datang ke Clash!","Chào mừng đến với thế giới Clash!","ขอต้อนรับสู่ Clash!","Tervetuloa Clashiin!"
"TID_EVENT_TITLE_JUSTFORYOU","Just for YOU!","Offre exclusive !","Nur für DICH!","¡Solo para ti!","Solo per te!","Alleen voor JOU!","Bare for DEG!","Só para VOCÊ!","Sadece sana özel!","あなただけの特別セール！","您的专属特惠！","나만을 위한 상품!","Персонально для ВАС!","لأجلكم أنتم فقط!","你的專屬特惠！","فقط برای شما!","KHUSUS untukmu!","Hanya untuk ANDA!","Dành riêng cho BẠN!","พิเศษสำหรับท่าน!","Vain sinulle!"
,,,,,,,,,,,,,,,,,,,,,
,,,,,,,,,,,,,,,,,,,,,
"TID_EVENT_TITLE_MASHUP","Mashup Madness","Méli-mélo","Kombo-Wahnsinn","Caos multitropa","Collage orrendo","Chaotische gekte","Mashup-galskap","Mistura maluca","Deney Çılgınlığı","禁断の合成実験","合体狂潮","매시업 매드니스","Жуткое безумие","المزيج المجنون","縫合怪談","جنون درهم‌آمیزی","Koalisi Edan","Gabungan Gila","Sự kết hợp điên rồ","รวมร่างอลวน","Karmiva sekoitus"
"TID_EVENT_MASHUP_TOKENS","Mashup Medals","Médailles combo","Mixmedaillen","Medallas de multitropas","Medaglie del Collage","Chaotische gekte-medailles","Mashup-medaljer","Medalhas medonhas","Deney Madalyaları","禁断のメダル","合体奖章","매시업 메달","Жуткие медали","أوسمة المزيج","縫合幣","مدال‌های درهم‌آمیزی","Medali Edan","Pingat Gabungan","Huy chương kết hợp","เหรียญรวมร่าง","Karmivat mitalit"
"TID_EVENT_DRAGON_MEDALS","Dragon Medals","Médailles draconiques","Drachenmedaillen","Medallas de dragón","Medaglie del drago","Drakenmedailles","Dragemedaljer","Medalhas de dragão","Ejderha Madalyaları","ドラゴンメダル","神龙奖章","드래곤 메달","Медали дракона","أوسمة التنانين","神龍幣","مدال‌های اژدها","Medali Naga","Pingat Naga","Huy chương Rồng","เหรียญมังกร","Lohikäärmemitalit"
"TID_EVENT_SUPERMEDALS","Super Medals","Super médailles","Supermedaillen","Supermedallas","Supermedaglie","Supermedailles","Supermedaljer","Supermedalhas","Süper Madalyalar","スーパーメダル","超级奖章","슈퍼 메달","Супермедали","أوسمة خارقة","超級幣","اَبَرمدال‌ها","Medali Super","Pingat Super","Huy chương siêu cấp","เหรียญซูเปอร์","Supermitaleja"
,,,,,,,,,,,,,,,,,,,,,
,,,,,,,,,,,,,,,,,,,,,
"TID_EVENT_TITLE_GIFT","A gift for you!","Un cadeau pour vous !","Ein Dankeschön!","¡Ten un regalo!","Un regalo!","Een cadeautje voor jou!","En gave til deg!","Um presentinho!","Bir hediyemiz var!","大感謝プレゼント！","送您的礼物！","대장님을 위한 선물!","Подарок для вас!","إليك هدية!","送你的禮物！","هدیه‌ای برای شما!","Hadiah untukmu!","Hadiah untuk anda!","Món quà dành cho bạn!","ของขวัญสำหรับท่าน!","Lahja sinulle!"
"TID_EVENT_ANIMATION_CLASHIVERSARY","Happy Clashiversary!","Joyeux Clashiversaire !","Frohes Clash-Jubiläum!","Feliz Clashiversario","Buon Clashiversario!","Fijne Clash-jaardag!","Til lykke med clashileet!","Feliz Clash-versário!","Clash Yıl Dönümünüz kutlu olsun!","11周年記念！","《部落冲突》生日快乐！","해피 클래시데이!","С годовщиной Clash!","عيد Clash سنوي سعيد!","周年生日快樂！","سالگرد کلش مبارک!","Selamat Ulang Tahun Clash!","Selamat Ulang Tahun Clash!","Chúc mừng Sinh nhật Clash!","สุขสันต์วันครบรอบการปะทะ!","Hyvää Clashin synttäriä!"
"TID_EVENT_HAPPYHOLI","Happy Holi!","Joyeuse Holi !","Frohes Holi-Fest!","¡Celebremos el festival Holi!","Festeggiamo l'Holi Festival!","Happy Holi!","God holi!","Feliz Holi!","Holi Festivaliniz kutlu olsun!","ホーリー祭を祝いましょう！","洒红节快乐！","홀리 축제를 즐기세요!","С праздником Холи!","لنحتفل بمهرجان الهولي!","侯麗節快樂！","هولی مبارک!","Semarak Holi!","Selamat Holi!","Mừng lễ hội Holi!","สุขสันต์โฮลี!","Riemukasta Holi-juhlaa!"
"TID_EVENT_TITLE_BLACK_FRIDAY","Black Friday Pack","Pack de Black Friday","Black-Friday-Paket","Lote del Black Friday","Pacchetto Black Friday","Black Friday-pakket","Black Friday-pakke","Pacote de Black Friday","Kara Cuma Paketi","ブラックフライデーパック","黑色星期五礼包","블랙프라이데이 팩","Черная пятница","مجموعة بلاك فرايداي","黑色星期五特惠包","بسته جمعه سیاه","Paket Black Friday","Pek Black Friday","Gói ngày Thứ Sáu Đen","แพ็คแบล็กฟรายเดย์","Black Friday -paketti"
"TID_EVENT_ANIMATION_DIWALI","Happy Diwali!","Joyeux Diwali !","Frohes Diwali!","¡Feliz Diwali!","È iniziato il Diwali!","Fijne Divali!","Ha en fin diwali!","Feliz Diwali!","Diwali festivaliniz kutlu olsun!","ディワリを祝いましょう！","排灯节快乐！","디왈리를 함께 기념해요!","С праздником Дивали!","مهرجان ديوالي سعيد!","排燈節快樂！","دیوالی مبارک!","Diwali Meriah!","Selamat Hari Deepavali!","Chào mừng lễ Diwali!","สุขสันต์ดิวาลี!","Hyvää diwalia!"
"TID_EVENT_TITLE_NEW_SINGLES_DAY","Singles Day Special","Offre de la fête des célibataires","Singles’-Day-Special","Especial del Día del Soltero","Giornata dei single","Vrijgezellendagspecial","Tilbud på singeldagen","Especial do dia dos solteiros","Bekârlar Gününe Özel","光棍節スペシャル","双十一特惠","11.11 스페셜","Акция ко Дню холостяков","عرض يوم العُزاب الخاص","雙11特惠","ویژه روز مجردها","Spesial Hari Jomblo","Istimewa Hari Bujang","Ưu đãi ngày lễ độc thân","พิเศษวันคนโสด","Sinkkujen päivän tarjous"
"TID_EVENT_ANIMATED_TEXT_SINGLES_DAY","Celebrate Singles Day!","Fêtez la journée des célibataires !","Feiere den Singles’ Day!","¡Celebra el Día del Soltero!","Festeggia la giornata dei single!","Vier Vrijgezellendag!","Feir singeldagen!","Comemore o dia dos solteiros!","Bekârlar Gününü Kutluyoruz!","光棍節をお祝いしましょう！","嗨爆双十一！","11.11을 기념해요!","Празднуем День холостяков!","احتفل بيوم العُزاب","歡慶雙11！","روز مجردها را جشن بگیرید!","Ayo Meriahkan Hari Jomblo!","Meraikan Hari Bujang!","Chúc mừng ngày lễ độc thân!","ฉลองวันคนโสด!","Juhlista sinkkujen päivää!"
"TID_EVENT_ANIMATION_MERRYXMAS","Merry Clashmas!","Joyeux Clash Noël !","Frohe Clash-Weihnacht!","¡Feliz Clashvidad!","Buon Clashtale!","Vrolijk Clashmis!","God clashmas!","Feliz Natal do Clash!","Mutlu bir Clash Yeni Yılı dileriz!","メリークラッシュマス！","Clash圣诞节快乐！","메리 클래시마스!","С Clash-Рождеством!","عيد Clash سعيد!","Clash聖誕節快樂！","کلش کریسمس مبارک!","Selamat Clashmas!","Selamat Clashmas!","Chúc mừng Giáng Sinh Clash!","สุขสันต์วันแคลชมาส!","Hyvää Clashin joulua!"
"TID_EVENT_TITLE_XMAS_GEMS","Clashmas Gem Bundle","Lot de gemmes de Clash Noël","Clash-Weihnachts-Bundle","Combo de gemas de Clashvidad","Bundle di gemme clashtalizio","Clashmis-edelstenenbundel","Clashmas-juvelpakke","Pacote de gemas Clash Natalino","Clash Yeni Yılı Taş Paketi","クラッシュマス エメラルドセット","Clash圣诞节宝石大礼包","클래시마스 보석 묶음 상품","Набор к Clash-Рождеству","باقة جواهر عيد Clash","Clash聖誕節寶石特惠包","بسته ترکیبی جواهر کلش کریسمس","Paket Permata Clashmas","Pek Permata Clashmas","Gói Ngọc Giáng Sinh Clash","ห่ออัญมณีแคลชมาส","Clashin joulun timanttipaketti"
,,,,,,,,,,,,,,,,,,,,,
,,,,,,,,,,,,,,,,,,,,,
,,,,,,,,,,,,,,,,,,,,,
"TID_EVENT_TITLE_MEGABUILDER","Mega Builder Pack","Méga pack ouvrier","Mega-Bauarbeiterpaket","Megalote de constructor","Megapacchetto del costruttore","Mega-bouwvakkerspakket","Megabyggepakke","Megapacote do Construtor","Mega İnşaatçı Paketi","メガ大工パック","超级建筑工人礼包","메가 장인 팩","Меганабор строителя","حزمة البنّاء العملاقة","超級建築工人特惠包","بسته سازنده مگا","Paket Tukang Mega","Pek Pembina Mega","Gói Thợ xây Siêu cấp","แพ็คช่างก่อสร้างเมก้า","Megarakentajapaketti"
"TID_EVENT_TITLE_DUOBUILDER","Duo Builder Pack","Pack ouvrier duo","Duo-Bauarbeiterpaket","Lote doble de constructor","Pacchetto del duo di costruttori","Duo-bouwvakkerspakket","Duobyggepakke","Pacote duplo do Construtor","Çift İnşaatçı Paketi","コンビ大工パック","建筑工人搭档礼包","듀오 장인 팩","Набор с двумя строителями","حزمة البنّاء الثنائية","建築工人搭檔特惠包","بسته سازنده دوتایی","Paket Tukang Duo","Pek Pasangan Pembina","Gói Bộ đôi Thợ xây","แพ็คช่างก่อสร้างคู่หู","Tuplarakentajapaketti"
,,,,,,,,,,,,,,,,,,,,,
"TID_EVENT_TITLE_GEARFEAR","Geared & Feared","Équipé et redouté","Gerüstet & gefürchtet","Armados y temidos","Equipaggiati e contenti","Uitgerust en afschrikwekkend","Utrustet og fryktet","Armados e Venerados","Gelişmiş ve Değişmiş","恐怖の改造","骇人装备","유비유환","Снаряжен и опасен","عتاد يثير الارتعاد","驚懼武裝","مجهز و ترسیده","Melindungi & Mengayomi","Berlengkap & Ditakuti","Trang bị & Sợ hãi","ชุดขนพองสยองเกล้า","Varusteltu ja pelätty"
"TID_EVENT_TITLE_GEARUP","Geared Up","Équipé à bloc","Ausgezeichnet ausgerüstet","Armados","Equipaggiati fino ai denti","Sterk verbeterd","I full utrustning","Armado até os dentes","Geliştirilmiş","改造計画","全副武装","완전무장","Полный фарш","أتم الاستعداد","全副武裝","آماده‌به‌کار","Persenjataan Lengkap","Berlengkap","Củng cố","ชุดจัดเต็ม","Valmiina taistoon"
"TID_EVENT_TITLE_ARMORFARMER","Armor Farmer","Farm d'armures","Rüstungsrandale","Experto en armaduras","Esperto di armi","Uitermate uitgerust","Panserbonde","Fazendeiro de armadura","Zırhlı Çiftçi","武装農民","武装农夫","갑옷 농부","Броневик","جامع الدروع","武裝農夫","زره‌ورز","Kolektor","Peladang Berperisai","Nông dân mặc giáp","ชุดเกราะนักฟาร์ม","Kilpavarustelua"
"TID_EVENT_TITLE_EQUIPMENTSHIPMENT","Equipment Shipment","Provisions d'équipements","Ausrüstungsaufrüstung","Lote de equipo","Equipaggiamenti à gogo","Uitrustingsbewust","Utstyrsforsendelse","Lote de equipamentos","Ekipman Teslimatı","装備の配送","装备速递","장비 배송","Поставка оборудования","شحنة المعدات","裝備快遞","حمل‌ونقل تجهیزات","Pengiriman Perlengkapan","Penghantaran Peralatan","Cung cấp trang bị","จัดส่งอุปกรณ์","Varustetoimitus"
"TID_EVENT_TITLE_HEAVEYMETAL","Heavy Metal","Heavy Metal","Heavy Metal","Metales pesados","Metalli pesanti","Zwaar metaal","Tungmetall","Heavy metal","Heavy Metal","ヘヴィメタル","重金属","헤비메탈","Хэви-метал","هيفي ميتال","重金屬","هِوی متال","Heavy Metal","Logam Berat","Trang bị kim loại","เฮฟวีเมทัล","Hevimetallia"
"TID_EVENT_TITLE_METALMASTERS","Metal Masters","Maîtres du métal","Metallmeister","Maestría de metales","Fabbri ferrai","Metaalmeesters","Metallmestre","Mestres do metal","Metalin Ustaları","メタルマスター","金属大师","메탈 마스터","Повелители металла","أبطال المعدن","金屬大師","استادان فلز","Master Metal","Pakar Logam","Bậc thầy kim loại","เจ้าแห่งโลหะ","Metallin mestarit"
"TID_EVENT_TITLE_IRONMAIDENS","Iron Maidens","Anges de fer","Iron Maidens","Metalizados","Donne d'acciaio","Metalen meiden","Jernjomfruer","Damas de ferro","Metalci Kızlar","鉄の乙女","钢铁女杰","아이언 메이든","Железные девы","الفتيات الحديديات","鋼鐵英豪","آیرن میدنز","Gadis Metal","Dayang Besi","Thiếu nữ sắt","นักรบเหล็กกล้า","Rautaneidot"
,,,,,,,,,,,,,,,,,,,,,
"TID_EVENT_TITLE_CLASHNATURE","Clash For Nature","Clash pour la nature","Clash für die Natur","Clash por la naturaleza","Battaglia per la natura","Clash voor de natuur","Clash for naturen","Clash for Nature","Doğa İçin Clash","クラッシュ・エコロジー","为自然而战","자연을 위해 클래시","Битва за природу!","العب Clash من أجل الطبيعة","為自然而戰","Clash برای طبیعت","Dari Clash untuk Alam","Bertempur untuk alam","Chiến đấu vì thiên nhiên","Clash เพื่อธรรมชาติ","Clash luonnon puolesta"
"TID_EVENT_ANIMATION_ENJOYYOURREWARD","Enjoy your reward!","Profitez de votre récompense !","Viel Spaß mit der Belohnung!","¡Disfruta de la recompensa!","Goditi la tua ricompensa!","Geniet van je beloning!","Gled deg over belønningen!","Aproveite a recompensa!","Ödülünün tadını çıkar!","報酬をお受け取りください！","尽情享受奖励吧！","보상을 받으세요!","Ваша награда!","استمتع بجائزتك","盡情享受獎勵吧！","از جایزه‌تان لذت ببرید!","Nikmati hadiahmu!","Nikmati ganjaran anda!","Hãy tận hưởng phần thưởng của bạn!","สนุกกับรางวัลของท่าน!","Toivottavasti pidät lahjastasi!"
"TID_EVENT_ANIMATION_WOMENSDAY","Happy Women's Day!","Journée des femmes !","Frohen Internationalen Frauentag!","¡Feliz Día de la Mujer!","Buona Festa della donna!","Fijne Vrouwendag!","Gratulerer med kvinnedagen!","Feliz Dia das Mulheres!","Kadınlar Günü Kutlu Olsun!","国際女性デーを祝いましょう！","妇女节快乐！","여성의 날 기념!","С Международным женским днем!","عيد مرأة سعيد!","婦女節快樂！","روز زن مبارک!","Selamat Hari Wanita Sedunia!","Selamat Hari Wanita!","Chúc mừng ngày Quốc tế Phụ nữ!","สุขสันต์วันสตรีสากล!","Hyvää naistenpäivää!"
,,,,,,,,,,,,,,,,,,,,,
,,,,,,,,,,,,,,,,,,,,,
,,,,,,,,,,,,,,,,,,,,,
,,,,,,,,,,,,,,,,,,,,,
"TID_EVENT_ANIMATION_READYFORTH16","Ready for Town Hall 16!","Prêts pour l'hôtel de ville 16 !","Bereit für Rathaus-Level 16!","¡Todo listo para el ayuntamiento de nivel 16!","Obiettivo: municipio 16","Klaar voor stadhuislevel 16!","Klar for rådhus 16!","Pronto para centro da vila 16!","Belediye Binası 16'ya Hazır Ol!","タウンホール16に備えよう！","准备迎接16级大本营！","마을회관 16을 준비하세요!","Все для ратуши 16-го уровня!","استعد لقاعة المدينة 16!","準備迎接16級大本營！","آماده تالار شهر 16 باشید!","Ayo Sambut Balai Kota 16!","Bersedia untuk Dewan Bandaran 16!","Chuẩn bị sẵn sàng cho Nhà Chính 16!","เตรียมพร้อมรับศาลากลาง 16!","Valmiina päärakennuksen tasolle 16!"
"TID_EVENT_ANIMATION_READYFORTH17","Ready for Town Hall 17!","Prêts pour l'hôtel de ville 17 !","Bereit für Rathaus-Level 17!","¡Todo listo para el ayuntamiento de nivel 17!","Obiettivo: municipio 17","Klaar voor stadhuislevel 17!","Klar for rådhus 17!","Pronto para centro da vila 17!","Belediye Binası 17'ye Hazır Ol!","タウンホール17に備えよう！","准备迎接17级大本营！","마을회관 17을 준비하세요!","Все для ратуши 17-го уровня!","استعد لقاعة المدينة 17!","準備迎接17級大本營！","آماده تالار شهر 17 باشید!","Ayo Sambut Balai Kota 17!","Bersedia untuk Dewan Bandaran 17!","Chuẩn bị sẵn sàng cho Nhà Chính 17!","เตรียมพร้อมรับศาลากลาง 17!","Valmiina päärakennuksen tasolle 17!"
"TID_EVENT_TITLE_MERGETOWERPACK","Merge Tower Pack","Pack Fusion de tour","Kombiturm-Paket","Lote de torre fusionada","Pacchetto torre evoluta","Multi-torenpakket","Kombotårnpakke","Pacote da Torre de Fusão","Birleştirme Kule Paketi","タワー合体パック","双塔合并礼包","타워 합체 팩","Набор «Объединение башен»","باقة برج الدمج","雙塔合併特惠包","بسته ادغام بمب","Paket Gabungan Benteng","Pek Menara Gabung","Gói tháp kết hợp","แพ็คผสานรวมหอคอย","Torninyhdistyspaketti"
"TID_EVENT_TITLE_EVENTMEDALS","Event Medals","Médailles d'événement","Ereignismedaillen","Medallas de evento","Medaglie dell'evento","Evenementmedailles","Hendelsemedaljer","Medalhas de eventos","Etkinlik Madalyaları","イベントメダル","活动奖章","이벤트 메달","Медали события","أوسمة الأحداث","活動幣","مدال‌های رویداد","Medali Acara","Pingat Acara","Huy chương sự kiện","เหรียญอีเวนท์","Tapahtumamitalit"
"TID_EVENT_TITLE_COOKIEMEDALS","Cookie Medals","Médailles biscuits","Plätzchen-Medaillen","Medallas de galletas","Medaglie biscotto","Koekjesmedailles","Småkakemedaljer","Medalhas de biscoito","Kurabiye Madalyaları","クッキーメダル","饼干奖章","쿠키 메달","Медали из печенья","أوسمة الكعك","餅乾幣","مدال‌های شیرینی","Medali Kue","Pingat Biskut","Huy chương bánh quy","เหรียญคุกกี้","Keksimitalit"
"TID_EVENT_TITLE_GETBLACKSMITH","Get Blacksmith","Recruter un forgeron","Schmied anheuern","Consigue la herrería","Un fabbro per amico","Aanbieding: de smid","Hent smeden","Contrate um ferreiro","Demirciyi Al","鍛冶屋をゲット","获取铁匠铺","대장간 프로모션","Акция для кузницы","احصل على الحداد","獲取鐵匠鋪","دریافت آهنگر","Dapatkan Bengkel Pandai Besi","Dapatkan Tukang Besi","Tuyển thợ rèn","สร้างโรงตีเหล็ก","Hanki ahjo"
,,,,,,,,,,,,,,,,,,,,,
,,,,,,,,,,,,,,,,,,,,,
"TID_EVENT_TITLE_UBOFFER","Upgrade Buildings","Améliorer les bâtiments","Gebäude verbessern","Mejorar edificios","Migliora gli edifici","Gebouwen upgraden","Oppgrader bygninger","Melhore construções","Bina Yükseltmeleri","施設のアップグレード","升级建筑","건물 업그레이드","Улучшение зданий","ترقية المباني","升級建築","ارتقاء ساختمان‌ها","Tingkatkan Bangunan","Naik Taraf Bangunan","Nâng cấp công trình","อัปเกรดสิ่งก่อสร้าง","Päivitä rakennuksia"
"TID_EVENT_TITLE_UTOFFER","Upgrade Troops","Améliorer les troupes","Truppen verbessern","Mejorar tropas","Migliora le truppe","Troepen upgraden","Oppgrader tropper","Melhore tropas","Birlik Yükseltmeleri","ユニットのアップグレード","升级部队","유닛 업그레이드","Улучшение воинов","ترقية القوات","升級部隊","ارتقاء نیروها","Tingkatkan Peleton","Naik Taraf Askar","Nâng cấp binh lính","อัปเกรดกองกำลัง","Päivitä joukkoja"
"TID_EVENT_TITLE_UHOFFER","Upgrade Heroes","Améliorer les héros","Helden verbessern","Mejorar héroes","Migliora gli eroi","Helden upgraden","Oppgrader helter","Melhore heróis","Kahraman Yükseltmeleri","ヒーローのアップグレード","升级英雄","영웅 업그레이드","Улучшение героев","ترقية الأبطال","升級英雄","ارتقاء قهرمان‌ها","Tingkatkan Pahlawan","Naik Taraf Wira","Nâng cấp tướng","อัปเกรดผู้กล้า","Päivitä sankareita"
"TID_EVENT_TITLE_USOFFER","Upgrade Spells","Améliorer les sorts","Zauber verbessern","Mejorar hechizos","Migliora gli incantesimi","Spreuken upgraden","Oppgrader formler","Melhore feitiços","Büyü Yükseltmeleri","呪文のアップグレード","升级法术","마법 업그레이드","Улучшение заклинаний","ترقية التعويذات","升級法術","ارتقای طلسم‌ها","Tingkatkan Mantra","Naik Taraf Sihir","Nâng cấp thần chú","อัปเกรดอาคม","Päivitä loitsuja"
"TID_EVENT_TITLE_FTOFFER","Finish them!","Finissez-les !","Fertig machen!","¡Termínalo todo!","Finiscili!","Voltooi ze!","Ta knekken på dem!","Finalize tudo!","Bitime zamanı!","今すぐ完了しましょう！","立即完成！","업그레이드 완료!","Завершение улучшений","أنهها كلها!","立即完成！","کارشان را تمام کن!","Ayo selesaikan!","Selesaikannya!","Hạ gục bọn họ!","จัดการซะ!","Selvää jälkeä!"
,,,,,,,,,,,,,,,,,,,,,
,,,,,,,,,,,,,,,,,,,,,
,,,,,,,,,,,,,,,,,,,,,
"TID_GEAR_RESOURCE_COMMON","Shiny Ore","Minerai brillant","Glanzerz","Minerales brillantes","Minerali lucenti","Glanzend erts","Blank malm","Minério azul","Parlak Cevher","ブルー鉱石","闪亮矿石","빛나는 광석","Блестящая руда","معدن خام لامع","閃光礦石","سنگ معدن براق","Mineral Berkilau","Bijih Berkilau","Quặng sáng bóng","แร่วิบวับ","Kimallemalmia"
"TID_GEAR_RESOURCE_RARE","Glowy Ore","Minerai luisant","Glimmerz","Minerales radiantes","Minerali raffinati","Glimmend erts","Skinnende malm","Minério brilhante","Işıltılı Cevher","パープル鉱石","璀璨矿石","은은한 광석","Сияющая руда","معدن خام متوهج","輝光礦石","سنگ معدن درخشان","Mineral Gemilang","Bijih Bercahaya","Quặng lấp lánh","แร่เรืองรอง","Hohtomalmia"
"TID_GEAR_RESOURCE_EPIC","Starry Ore","Minerai étoilé","Sternenerz","Minerales estelares","Minerali stellari","Glinsterend erts","Stjernemalm","Minério estelar","Yıldız Cevher","スター鉱石","星辉矿石","반짝이는 광석","Звездная руда","معدن خام نجمي","星光礦石","سنگ معدن ستاره‌ای","Mineral Astral","Bijih Berbintang","Quặng ngôi sao","แร่ประกายดาว","Tähtimalmia"
,,,,,,,,,,,,,,,,,,,,,
,,,,,,,,,,,,,,,,,,,,,
"TID_DIAMOND_BUNDLE_TH4","Town Hall 4 Pack","Pack hôtel de ville 4","Paket: Rathaus-Level 4","Lote de ayuntamiento de nivel 4","Pacchetto municipio 4","Stadhuis 4-pakket","Rådhus 4-pakke","Pacote Centro da Vila 4","Belediye Binası 4 Paketi","タウンホール４パック","4级大本营礼包","마을회관 4 팩","Набор ратуши 4","حزمة قاعة المدينة 4","4級大本營特惠包","بسته تالار شهر سطح ۴","Paket Balai Kota 4","Pek Dewan Bandar 4","Gói Nhà Chính 4","แพ็คศาลากลาง 4","Tason 4 päärakennuspaketti"
"TID_DIAMOND_BUNDLE_TH5","Town Hall 5 Pack","Pack hôtel de ville 5","Paket: Rathaus-Level 5","Lote de ayuntamiento de nivel 5","Pacchetto municipio 5","Stadhuis 5-pakket","Rådhus 5-pakke","Pacote Centro da Vila 5","Belediye Binası 5 Paketi","タウンホール５パック","5级大本营礼包","마을회관 5 팩","Набор ратуши 5","حزمة قاعة المدينة 5","5級大本營特惠包","بسته تالار شهر سطح ۵","Paket Balai Kota 5","Pek Dewan Bandar 5","Gói Nhà Chính 5","แพ็คศาลากลาง 5","Tason 5 päärakennuspaketti"
"TID_DIAMOND_BUNDLE_TH6","Town Hall 6 Pack","Pack hôtel de ville 6","Paket: Rathaus-Level 6","Lote de ayuntamiento de nivel 6","Pacchetto municipio 6","Stadhuis 6-pakket","Rådhus 6-pakke","Pacote Centro da Vila 6","Belediye Binası 6 Paketi","タウンホール６パック","6级大本营礼包","마을회관 6 팩","Набор ратуши 6","حزمة قاعة المدينة 6","6級大本營特惠包","بسته تالار شهر سطح ۶","Paket Balai Kota 6","Pek Dewan Bandar 6","Gói Nhà Chính 6","แพ็คศาลากลาง 6","Tason 6 päärakennuspaketti"
"TID_DIAMOND_BUNDLE_TH7","Town Hall 7 Pack","Pack hôtel de ville 7","Paket: Rathaus-Level 7","Lote de ayuntamiento de nivel 7","Pacchetto municipio 7","Stadhuis 7-pakket","Rådhus 7-pakke","Pacote Centro da Vila 7","Belediye Binası 7 Paketi","タウンホール７パック","7级大本营礼包","마을회관 7 팩","Набор ратуши 7","حزمة قاعة المدينة 7","7級大本營特惠包","بسته تالار شهر سطح ۷","Paket Balai Kota 7","Pek Dewan Bandar 7","Gói Nhà Chính 7","แพ็คศาลากลาง 7","Tason 7 päärakennuspaketti"
"TID_DIAMOND_BUNDLE_TH8","Town Hall 8 Pack","Pack hôtel de ville 8","Paket: Rathaus-Level 8","Lote de ayuntamiento de nivel 8","Pacchetto municipio 8","Stadhuis 8-pakket","Rådhus 8-pakke","Pacote Centro da Vila 8","Belediye Binası 8 Paketi","タウンホール８パック","8级大本营礼包","마을회관 8 팩","Набор ратуши 8","حزمة قاعة المدينة 8","8級大本營特惠包","بسته تالار شهر سطح ۸","Paket Balai Kota 8","Pek Dewan Bandar 8","Gói Nhà Chính 8","แพ็คศาลากลาง 8","Tason 8 päärakennuspaketti"
"TID_DIAMOND_BUNDLE_TH9","Town Hall 9 Pack","Pack hôtel de ville 9","Paket: Rathaus-Level 9","Lote de ayuntamiento de nivel 9","Pacchetto municipio 9","Stadhuis 9-pakket","Rådhus 9-pakke","Pacote Centro da Vila 9","Belediye Binası 9 Paketi","タウンホール９パック","9级大本营礼包","마을회관 9 팩","Набор ратуши 9","حزمة قاعة المدينة 9","9級大本營特惠包","بسته تالار شهر سطح ۹","Paket Balai Kota 9","Pek Dewan Bandar 9","Gói Nhà Chính 9","แพ็คศาลากลาง 9","Tason 9 päärakennuspaketti"
"TID_DIAMOND_BUNDLE_TH10","Town Hall 10 Pack","Pack hôtel de ville 10","Paket: Rathaus-Level 10","Lote de ayuntamiento de nivel 10","Pacchetto municipio 10","Stadhuis 10-pakket","Rådhus 10-pakke","Pacote Centro da Vila 10","Belediye Binası 10 Paketi","タウンホール１０パック","10级大本营礼包","마을회관 10 팩","Набор ратуши 10","حزمة قاعة المدينة 10","10級大本營特惠包","بسته تالار شهر سطح ۱۰","Paket Balai Kota 10","Pek Dewan Bandar 10","Gói Nhà Chính 10","แพ็คศาลากลาง 10","Tason 10 päärakennuspaketti"
"TID_DIAMOND_BUNDLE_TH11","Town Hall 11 Pack","Pack hôtel de ville 11","Paket: Rathaus-Level 11","Lote de ayuntamiento de nivel 11","Pacchetto municipio 11","Stadhuis 11-pakket","Rådhus 11-pakke","Pacote Centro da Vila 11","Belediye Binası 11 Paketi","タウンホール１１パック","11级大本营礼包","마을회관 11 팩","Набор ратуши 11","حزمة قاعة المدينة 11","11級大本營特惠包","بسته تالار شهر سطح ۱۱","Paket Balai Kota 11","Pek Dewan Bandar 11","Gói Nhà Chính 11","แพ็คศาลากลาง 11","Tason 11 päärakennuspaketti"
"TID_DIAMOND_BUNDLE_TH12","Town Hall 12 Pack","Pack hôtel de ville 12","Paket: Rathaus-Level 12","Lote de ayuntamiento de nivel 12","Pacchetto municipio 12","Stadhuis 12-pakket","Rådhus 12-pakke","Pacote Centro da Vila 12","12. Belediye Binası Paketi","タウンホール12パック","12级大本营礼包","마을회관 12 팩","Набор ратуши 12","مجموعة قاعة المدينة 12","12級大本營特惠包","بسته تالار شهر 12","Paket Balai Kota 12","Pek Dewan Bandaran 12","Gói Nhà Chính 12","แพ็คศาลากลางเลเวล 12","Tason 12 päärakennuspaketti"
"TID_DIAMOND_BUNDLE_TH13","Town Hall 13 Pack","Pack hôtel de ville 13","Paket: Rathaus-Level 13","Lote de ayuntamiento de nivel 13","Pacchetto municipio 13","Stadhuis 13-pakket","Rådhus 13-pakke","Pacote centro da vila 13","13. Belediye Binası Paketi","タウンホール13パック","13级大本营礼包","마을회관 13 팩","Набор ратуши 13","مجموعة قاعة المدينة 13","13級大本營特惠包","بسته تالار شهر 13","Paket Balai Kota 13","Pek Dewan Bandaran 13","Gói Nhà Chính 13","แพ็คศาลากลางเลเวล 13","Tason 13 päärakennuspaketti"
"TID_DIAMOND_BUNDLE_TH14","Town Hall 14 Pack","Pack hôtel de ville 14","Paket: Rathaus-Level 14","Lote de ayuntamiento de nivel 14","Pacchetto municipio 14","Stadhuis 14-pakket","Rådhus 14-pakke","Pacote centro da vila 14","14. Belediye Binası Paketi","タウンホール14パック","14级大本营礼包","마을회관 14 팩","Набор ратуши 14","مجموعة قاعة المدينة 14","14級大本營特惠包","بسته تالار شهر ۱۴","Paket Balai Kota 14","Pek Dewan Bandaran 14","Gói Nhà Chính 14","แพ็คศาลากลางเลเวล 14","Tason 14 päärakennuspaketti"
"TID_DIAMOND_BUNDLE_TH15","Town Hall 15 Pack","Pack hôtel de ville 15","Paket: Rathaus-Level 15","Lote de ayuntamiento de nivel 15","Pacchetto municipio 15","Stadhuis 15-pakket","Rådhus 15-pakke","Pacote centro da vila 15","15. Belediye Binası Paketi","タウンホール15パック","15级大本营礼包","마을회관 15 팩","Набор ратуши 15","مجموعة قاعة المدينة 15","15級大本營特惠包","بسته تالار شهر 15","Paket Balai Kota 15","Pek Dewan Bandaran 15","Gói Nhà Chính 15","แพ็คศาลากลางเลเวล 15","Tason 15 päärakennuspaketti"
"TID_EVENT_TITLE_TH16PACK","Town Hall 16 Pack","Pack Hôtel de ville 16","Paket: Rathaus-Level 16","Lote de ayuntamiento de nivel 16","Pacchetto municipio 16","Stadhuis 16-pakket","Rådhus 16-pakke","Pacote centro da vila 16","Belediye Binası 16 Paketi","タウンホール16パック","16级大本营礼包","마을회관 16 팩","Набор ратуши 16","باقة قاعة المدينة 16","16級大本營特惠包","بسته تالار شهر 16","Paket Balai Kota 16","Pek Dewan Bandaran 16","Gói Nhà Chính 16","แพ็คศาลากลางเลเวล 16","Tason 16 päärakennuspaketti"
"TID_EVENT_TITLE_TH17PACK","Town Hall 17 Pack","Pack Hôtel de ville 17","Paket: Rathaus-Level 17","Lote de ayuntamiento de nivel 17","Pacchetto municipio 17","Stadhuis 17-pakket","Rådhus 17-pakke","Pacote centro da vila 17","Belediye Binası 17 Paketi","タウンホール17パック","17级大本营礼包","마을회관 17 팩","Набор ратуши 17","باقة قاعة المدينة 17","17級大本營特惠包","بسته تالار شهر 17","Paket Balai Kota 17","Pek Dewan Bandaran 17","Gói Nhà Chính 17","แพ็คศาลากลางเลเวล 17","Tason 17 päärakennuspaketti"
