TID,EN,AR,CN,CNT,DE,ES,FA,FI,FR,ID,IT,JP,KR,MS,NL,NO,PT,RU,TH,TR,VI,PL
string,string,string,string,string,string,string,string,string,string,string,string,string,string,string,string,string,string,string,string,string,string,string
TID_EVENT_TITLE_GOLDENAID,Golden Aid,مساعدة من ذهب,金币支援,金幣支援,Goldene Hilfe,Ayuda dorada,یاری طلایی,Puhdasta kultaa,Assistance en or,Sumbangan Emas,Cascata d'oro,金色の救済,골드가 왔습니다,Bantuan Emas,Gouden hulp,Gyllen hjelp,Ajuda áurea,Золото в помощь,ตกถังทองคำ,Altın Yardımı,Tiếp tế Vàng,Złota pomoc
TID_EVENT_TITLE_RESOURCERELIEF,Resource Relief,معونة الموارد,资源支援,及時補給,Ressourcenreserve,Reserva de recursos,مملوء از منبع,Reteet resurssit,Ressourcé,Sumbangan Sumber Daya,Riserve di risorse,資源支援,"휴, 자원이다",Bantuan Sumber,Grondstofweelde,Ressurshjelp,Renovando recursos,Второе дыхание,แหล่งทรัพยากร,Kaynak Bolluğu,Giải tỏa Tài nguyên,Dostawa zasobów
TID_EVENT_TITLE_SKILLEDBUILD,Skilled to Build,تقنيات البناء,鬼斧神工,鬼斧神工,Bauanleitung,Bastión de construcción,مهارت ساختن,Remonttireiska,As du marteau,Dilatih untuk Membangun,Mastro carpentiere,建設マスター,건설 마스터,Kemahiran Membina,Bouwskills,Byggebravader,Campeão da construção,Пропуск на стройку,ยอดนักสร้าง,Fırsat İnşaat,Cử nhân Xây dựng,Stworzony do budowy
TID_EVENT_TITLE_SPELLCHECK,Spell Check,خبير التعويذات,法术精进,法術無邊,Zauberhilfe,Pócima mágica,طلسم تسلیم,Loitsut kuntoon,Sous le sort,Periksa Ejaan Mantra,ABC degli incantesimi,呪文の強化,스펠 체크,Ramuan Sihir,Spreuken en wijsheden,Formel 1–2–3,Feitiço rebuliço,Юный алхимик,รวมมิตรเวทมนตร์,Büyülü Çift,Kiểm tra Thần chú,Elementarz zaklęć
TID_EVENT_TITLE_WALLNOTHING,Wall or Nothing,الجدار العظيم,建墙不息,建牆不屈,"Mauern, was das Zeug hält!",Muros seguros,یا دیوار یا هیچی,Muurikuuri,Murs imprenables,Tembok atau Dicaplok,Un muro è per sempre,壁一重,포에버 장벽,Bukit Benteng,Muurproef doorstaan,"Ny mur, aldri sur",Muro ou nada,Голые стены,เสริมพลังกำแพง,Duvar Döşer,Vạn lý Tường thành,Mur albo nic
TID_EVENT_TITLE_ZEROTOHERO,Zero to Hero,درب الأبطال,英雄崛起,英雄崛起,Vom Feigling zum Helden,Heroificación,از قعر تا قهرمان,Sankaritarina,Super héros,Pecundang Jadi Pahlawan,Eroi alla carica,ヒーローの素,슈퍼 영웅,Perwira Perkasa,Held op sokken,Helt rå,De dodói a herói,Из грязи в князи,กำเนิดผู้กล้า,Sıfırdan Kahraman,Hỗ trợ Tướng,Od zera do bohatera
TID_EVENT_TITLE_FIGHTCLUB,Fight Club,نادي القتال,战斗书会,鬥陣讀書會,Klub der Helden,El club de la lucha,باشگاه مشت‌زنی,Fight Club,Fight club,Gila Bertarung,Fight Club,ファイトクラブ,파이트 클럽,Kelab Laga,Vechtclub,Slåsseklubb,Clube da luta,Бойцовский клуб,สโมสรนักสู้,Dövüş Kulübü,Sàn đấu Sinh tử,Klub walki
TID_EVENT_TITLE_FIGHTNIGHT,Fight Night,ليلة المعركة,一战成名,一戰成名,Kampfkunstkompendium,Mucha lucha,شب جنگ,Taistovaisto,Nuit pugiliste,Malam Pertarungan,Botte da orbi,戦いの夜,전투의 밤,Malam Melaga,Vechtnacht,Kampkveld,Noite de açoite,Бой всей гурьбой,คืนหมัดมวย,Dövüş Gecesi,Đêm đấu Sinh tử,Nocna walka
TID_EVENT_TITLE_HOLDMYGOLD,Hold my Gold,أعمدة الذهب,整装待发,整裝待發,Projekt Gold,Tesoro de oro,خشت طلایی,Kultainen urakka,Raison d'or,Simpanan Emas,Al lavORO,ゴールド活用法,"장인, 골드를 부탁해",Simpan Emasku,Hou jij me goud effe vast,Hold gullet mitt,Abasteced'ouro,Держи карман шире,กรุทองคำ,Altın Fırsat,Tăng gia Sản xuất,Potrzymaj mi złoto
TID_EVENT_TITLE_LOCOMOTION,Potion Locomotion,لوازم البناء,药到功成,藥到功成,Trank sei Dank!,Recursos y construcción,معجون سازندگی,Resurssi ja remontti,Notions de potions,Gejolak Ramuan,Pozioni e costruzioni,ポーションの効果,포션 먹고 뚝딱,Gerak Alih Posyen,Drankje-bedankje,Ressurssterk drikk,Loco-poção,Зелье на новоселье,น้ำยาสารพัด,İksir Promosyonu,Tài nguyên Bội thu,Mikstury w ruch
TID_EVENT_TITLE_QUICKELIXIR,Quicker Elixir,تسريع الإكسير,圣水满溢,聖水滿溢,Elixierturbo,Elixir dinámico,اکسیر سرعتی,Eliksiiritys,Vif élixir,Eliksir Cepat,Elisir rapido,エリクサー支援,엘릭서 천국,Eliksir Pantas,Snelelixir,Raskere eliksir,Elixir para fluir,Добавка эликсира,น้ำอมฤตเร่งด่วน,Hızlı İksir,Thêm Tiên dược,Ekspresowy eliksir
TID_EVENT_TITLE_FINISHINGTOUCH,Finishing Touch,اللمسة النهائية,添砖加瓦,畫龍點睛,Feinschliff,Toque final,میخ آخر,Viimeinen silaus,Méticuleux,Sentuhan Terakhir,Tocco finale,最後の仕上げ,화룡점정,Sentuhan Pembina,Laatste hand,En siste finpuss,Toque final,Финальный штрих,บ้านสวยด้วยมือเรา,Son Rötuşlar,Xây dựng Cấp tốc,Wisienka na torcie
TID_EVENT_TITLE_TRAGICMAGIC,Tragic Magic,السحر القديم,磨砺魔力,磨礪魔力,Zauberzertifikat,Tragicomagia,جادوی جالب,Traaginen maaginen,Magique tragique,Sihir Magis Tragis,Scuola di magia,悲劇の魔法,마법 천사,Mengasah Sihir Keajaiban,Tragisch en magisch,Tragisk magisk,Mágica trágica,Магия-шмагия,ร่ายเวทย์,Büyü Köyü,Thần chú Thần kỳ,Magiczny dramat
TID_EVENT_TITLE_TRIPLETHREAT,Triple Threat,التهديد الثلاثي,水到渠成,水到渠成,Dreifachbedrohung,Triple amenaza,خطر سه برابر,Roimasti rohtoa,Triple menace,Ancaman Lipat Tiga,Tripla minaccia,ポーション盛り合わせ,무적의 트리오,Ancaman Gandaan Tiga,Driedubbele dreiging,Tredobbel trussel,Ameaça tripla,Тройная угроза,รวมพลังคูณสาม,Tehlikeli Üçlü,Nguy hiểm gấp ba,Potrójne kłopoty
TID_EVENT_TITLE_EOS_BATTLEBOOST,Battle Boost,عتاد الحرب,战场强援,戰力加持,Kampfkönig,¡A dar guerra!,تقویت تاریک,Taisteluteho,Boost de bataille,Pertempuran Ekstra,Marcia in più,戦闘ブースト,전투 부스트,Galakan Pertempuran,Gevechtsboost,Stridsboost,Força na luta,Боевой клич,พลังนักรบ,Savaş Desteği,Cường hóa Chiến đấu,Siły na bitwę
TID_EVENT_TITLE_EOS_BEHOLDTHEGOLD,Behold the Gold,كنز البنّاء,堆金成山,點石成金,Pures Gold,Construcción y oro,طلای زیر خاکی,Kulta kultasein,L'or des runes,Tembok Emas,Periodo d'oro,ゴールドコントロール,보아라 골드다,Emas Runtuh,Aanschouw het goud,Ingen tull med gull,Ouro vindouro,Золотой резерв,เปิดหีบทองคำ,Külçe Külçe Altın,Chiêm ngưỡng Vàng,Ale się złoci
TID_EVENT_TITLE_EOS_BRAWLBREW,Brawl Brew,مشروب المقاتل,乱斗利器,戰鬥絕技,Pures Gold,Sed de lucha,معجون شبیخون,Valmiina rähinään,Boisson pour la bagarre,Racikan Laga,Elisir scacciapensieri,戦いの烽火,싸움꾼 제조,Laga Membara,Knokbrouwsel,Bråkebrygg,Bom de briga,Боевая подготовка,มนตรานักสู้,Savaş İçeceği,Luyện chú Ẩu đả,Esencja zadymy
TID_EVENT_TITLE_EOS_DARKKNOWLEDGE,Dark Knowledge,أسرار الظلام,暗黑宝藏,闇黑寶藏,Dunkles Wissen,Artes oscuras,سلطه سیاهی,Pimeä puoli,Savoir noir,Ilmu Hitam,Il lato oscuro degli eroi,闇の知識,어둠의 지식,Ilmu Kejahatan,Duistere kennis,Mørk kunnskap,Saber sombrio,На черный день,ศาสตร์มืด,Karanlık Bilgiler,Tri thức Hắc ám,Mroczna wiedza
TID_EVENT_TITLE_EOS_DISCOVERYRECOVERY,Discovery Recovery,حب المعرفة,独具慧眼,研究專精,Forsche Forschung,Investigación y desarrollo,اکتشاف و استخراج,Vahvat ja valppaat,Recherche et découverte,Penelitian dan Pengembangan,Ricerca e sviluppo,研究成果,연구 재개,Selidik Eliksir,Ontdekking en herstel,Oppdagelse og gjenvinning,Pesquisa e descoberta,Двигатель науки,คู่มือนักวิจัย,Araştırma Geliştirme,Phát hiện Hồi phục,Odkrywanie i odpoczywanie
TID_EVENT_TITLE_EOS_EMPOWERHOUR,Empower Hour,ساعة الحسم,强盛时刻,強盛時刻,Starke Stücke,Mejunje empoderante,نمایش قدرت,Voimavartti,Puissante heure,Gagah Perkasa,Forza sovrumana,強化チャンス,힘나는 시간,Gagah Perkasa,Krachtig moment,Styrketimen,Hora hercúlea,Трудное время,พลังนักสู้,Güçlenme Zamanı,Giờ Tăng lực,Czas wsparcia
TID_EVENT_TITLE_GOLDDIG,Gold Dig,الجرعة الذهبية,掘金宝地,淘金之路,Holdes Gold,Construcción áurea,بیل طلایی,Kullankaivaja,Filon d'or,Gali Emas,Palazzi d'oro,稼ぎ時,땅파면 골드,Penggalian Emas,Goudwinning,Gullgraving,Garimpando ouro,Золотодобыча,นักขุดทอง,Altının Peşinde,Đào Vàng,Złote wykopki
TID_EVENT_TITLE_EOS_INTENSEFENCE,Intense Fence,السور العظيم,壁垒森严,建築壁壘,Mauerpower,Defensa intensa,ساختار حصار,Aidat kuntoon,Intense barrière,Pagar Tegar,Difesa serrata,鉄の壁,튼튼한 장벽,Pertahanan Kuat,Heftig hek,Intenst gjerde,Defesa intensa,Мощный периметр,เสริมรั้วรับศึก,Yıkılmaz Duvar,Rào cản Mãnh liệt,Mury nie do zburzenia
TID_EVENT_TITLE_EOS_OCEANOFPOTION,Ocean of Potion,مهرجان الجرعات,药水海洋,藥水海洋,Tranktank,Magia potagia,معدن معجون,Rohtoralli,Océan de potions,Lautan Ramuan,Pozioni senza fondo,ポーションの海,포션의 바다,Lautan Sihir,Zee van drankjes,Et hav av drikke,Profusão de poção,Волшебная волна,ห้วงสมุทรน้ำยา,İksir Deryası,Đại dương Tiên dược,Morze eliksiru
TID_EVENT_TITLE_EOS_LIBRARYLEGEND,Library Legend,المكتبة الأسطورية,博览群书,博覽群書,Bücherwurm,Entrenamiento literario,رساله افسانه‌ای,Tie tähtiin,Bibliothéque légendaire,Legenda Pustaka,Il dotto del villaggio,本の宝庫,도서실 전설,Perwira Legenda,Bibliotheeklegende,Leselig legende,Leitor ávido,Библиотека,เปิดห้องสมุด,Efsane Kütüphane,Thư viện Huyền thoại,Biblioteczna legenda
TID_EVENT_TITLE_EOS_POTIONEXPLOSION,Potion Explosion,سيل الجرعات,药水汹涌,藥水洶湧,Trankpracht,Explosión de poción,انفجار معجون,Rohtoräjähdys,Explosion de potions,Luapan Ramuan,Esplosioni di pozioni,ゴールドの使い道,포션 폭발,Letupan Posyen,Drankjesuitbarsting,Eksplosiv drikk,Explosão de poção,Через край,ระเบิดน้ำยา,İksir Bolluğu,Bùng nổ Thuốc,Wybuchowe mikstury
TID_EVENT_TITLE_EOS_SPELLINGCHAMP,Spelling Champ,الساحر الماهر,法术大师,法術大師,Zauberpower,Maestría en hechicería,تدریس طلسم,Loitsumestari,L'entraînement pour les nuls,Raja Mantra,Mago degli incantesimi,呪文王者,마법 캠프,Mahir Bersihir,Spreukenkampioen,Formel 1,Mestre dos feitiços,Мастер заклинаний,ยอดนักร่ายเวทย์,Büyü Şampiyonu,Thần chú Vô địch,Mistrz zaklęć
TID_EVENT_TITLE_EOS_URBANPLANNING,Urban Planning,تخطيط البناء,村庄规划,村莊願景,Baugefühl,Planificación urbanística,برنامه‌ریزی شهری,Rakennustarkastaja,Urbanisme,Perencanaan Kota,Lavori di ampliamento,開発計画,도시 계획,Perancangan Bandar,Stadsplanning,Byplanlegging,Planejamento urbano,Урбанистика,วางผังเมือง,Şehir Planlaması,Quy hoạch Đô thị,Planowanie przestrzeni
TID_EVENT_TITLE_FIGHTING_SOLO,Fighting Solo,القتال الفردي,一战独秀,獨戰鰲頭,Solokampf,Lucha individual,جنگ فردی,Yksintaistelu,Combat en solo,Bertanding Solo,Guerrafondaio,斬り込み隊長,홀로서기,Bertempur Sendirian,Vechtersbaas,Kjemper alene,Lutando só,Один в поле воин,ศึกลุยเดี่ยว,Tek İstediğim Dövüş,Đơn thương độc mã,Walka w pojedynkę
TID_EVENT_TITLE_HERO_NIGHT,Hero Night,ليلة الأبطال,英雄之夜,英豪盛宴,Nacht der Helden,Noche heroica,شب قهرمان,Sankareiden yö,Nuit des héros,Malam Pahlawan,Notte degli eroi,ヒーローナイト,영웅의 밤,Malam Wira,Heldendicht,Heltenatt,Noite de herói,Ночь героев,ค่ำคืนแห่งผู้กล้า,Kahramanlık Gecesi,Đêm tỏa sáng của Tướng,Noc herosów
TID_EVENT_TITLE_DYNAMIC_DUO,Dynamic Duo,الثنائي الفعال,最佳拍档,建築立事,Dynamisches Duo,Duo dinámico,جفت کارآمد,Dynaaminen duo,Duo dynamique,Duet Maut,Il dinamico duo,ダイナミック・デュオ,짝꿍,Pasangan Dinamik,Dynamisch duo,Dynamisk duo,Dupla dinâmica,Динамичный дуэт,คู่หูจอมพลัง,Muhteşem İkili,Bộ đôi Hoàn hảo,Dobrana para
TID_EVENT_TITLE_FAST_FORWARD,Fast Forward,التقدم السريع,速建速决,速建速決,"Vorwärts, Marsch",Aceleración,با سرعت به پیش,Etumatka,Vers l'avant,Percepatan Waktu,Costruttore provetto,スピード重視,빨리 감기,Serangan Pantas,Vooruitspoelen,Spol fremover,Avanço rápido,"Время, вперед!",เร่งด่วนทันใจ,İleri Sar,Tăng tốc,Podróż w przyszłość
TID_EVENT_TITLE_SHINY_SHOVEL,Shiny Shovel,المجرفة البراقة,掘金三尺,掘金三尺,Schillernde Schaufel,Pala reluciente,بیل زرین,Tartu lapioon!,Pelle qui brille,Sekop Bersinar,Palate d'oro,ゴールドシャベル,빛나는 삽,Penyodok Berkilau,Schitterende schuiver,Skinnende spade,Pá brilhante,Блестящая лопата,พลั่วขุดวิบวับ,Parlak Kürek,Xẻng lấp lánh,Błyszczący szpadel
TID_EVENT_TITLE_TRUTH_GOLD,Truth be Gold,الذهب الثمين,一诺千金,點石成金,Goldene Wahrheit,Oro reluciente,طلای تاریخی,Kultakuume,Vérité d'or,Kejujuran Emas,Mare d'oro,一攫千金,금빛 고백,Kebenaran Keemasan,Goudeerlijk,Sannhet har gull i munn,Ouro vale mais,Золотая жила,ทองแท้ไม่แพ้ไฟ,Harbi Altın,Vàng ngập tràn,Szczere złoto
TID_EVENT_TITLE_DARK_STAR,Dark Star,نجم الظلام,英雄辈出,英雄本色,Dunkler Stern,Estrella oscura,ستاره سیاه,Musta tähti,Étoile sombre,Bintang Gelap,Eroi oscuri,ダークスター,어두운 별,Bintang Gelap,Duistere ster,Mørk stjerne,Estrela sombria,Черная звезда,ดาวมฤตยู,Kara Yıldız,Ngôi sao Hắc ám,Ciemna gwiazda
TID_EVENT_TITLE_GOLDEN_SPEED,Golden Speed,سرعة من ذهب,黄金速度,黃金時代,Goldenes Tempo,Velocidad dorada,سرعت طلایی,Kullalla kuntoon,Vitesse d'or,Kecepatan Emas,Oro fulmineo,ゴールドスピード,금빛 질주,Kelajuan Emas,Gouden vaart,Gyllen hastighet,Velocidade de ouro,С размахом,ทองพลุ่งพล่าน,Altın Hız,Vận tốc Vàng,Złote tempo
TID_EVENT_TITLE_RELOCATION_EXPERT,Relocation Expert,خبير التنقل,移位达人,移位達人,Umsiedlungsprofi,Maestros del diseño,متخصص جابه‌جایی,Paikka vaihtoon!,Déménageurs gobelins,Ahli Relokasi,Esperti in traslochi,引っ越し屋さん,재배치 전문가,Pakar Pemindahan,Meesterschuiver,Flytteekspert,Sabichão da redistribuição,Знаток местности,นักขนย้ายมือฉมัง,Yer Değiştirme Uzmanı,Chuyên gia dọn dẹp,Mistrz przenoszenia
TID_EVENT_TITLE_SPELLBOUND,Spellbound,السحر العارم,法术之力,法術之力,Zauberfibel,Hechizante,طلسم‌شده,Loitsunluku,Enchanté,Mantra Mujarab,Abracadabra,魅惑の魔術,마법의 정석,Ilmu Ghaib,Betoverd,Formel 1,Enfeitiçado,Чары-мары,ต้องมนต์อาคม,Abrakadabra,Sức mạnh Thần chú,Oczarowanie
TID_EVENT_TITLE_CONSTRUCTIONJUICE,Construction Juice,عصير البناء,建筑能量,建設泉源,Baubrause,Revitalizante,نوشابه سازندگی,Rakennuslimu,En construction,Jus Pembangunan,Tonico,建設日和,건축가의 주스,Pati Pembinaan,Bouwkracht,Byggejuice,Na construção,Пей да строй,น้ำยางานก่อสร้าง,İnşaat Şerbeti,Thuốc xây dựng,Pragnienie budowy
TID_EVENT_TITLE_GARDENHERO,Garden Warrior,محارب البستان,园艺英雄,園藝英雄,Gartenkrieger,Jardín heroico,جنگجوی باغچه,Puutarhasoturi,Jardin héroïque,Prajurit Taman,Feng shui,庭師の英雄,정원사 전사,Pahlawan Kebun,Tuinheld,Hagekriger,Jardim heroico,Воин-садовник,นักรบรักษ์โลก,Bahçe Savaşçısı,Chiến binh làm vườn,Ogrodnik wojownik
TID_EVENT_TITLE_INSTANTDEVELOPMENT,Instant Development,التطوير الفوري,极速建造,快速發展,Sofortausbau,Desarrollo instantáneo,پیشرفت فوری,Pikapäivitys,Développement instantané,Pembangunan Instan,Sviluppo rapido,即時開発,순간 토지 개발,Perkembangan Segera,Onmiddellijke ontwikkeling,Øyeblikkelig utvikling,Melhoria instantânea,Быстрый прогресс,สร้างด่วนทันใจ,Anında Gelişim,Phát triển Tức thì,Natychmiastowa rozbudowa
TID_EVENT_TITLE_BIGDIG,Big Dig,الحفرة الكبيرة,一铲到位,一鏟到位,Großes Graben,Excavación,حفاری بزرگ,Isommalla lapiolla,Ça creuse,Gali Terus,Lavori in corso,穴掘りの達人,큰 삽질,Cari Gali,Schoon schuiven,Grav dypt,Escavação,Большие раскопки,ขุดครั้งใหญ่,Büyük Kazı,Mở rộng Khai hoang,Wielkie wykopki
TID_EVENT_TITLE_BATTLEMAX,Battle Max,أتم استعداد,全副武装,全副武裝,Heldendeal,Indestructibles,نبرد سرشار,Energiaruiske,Combat au max,Habis-Habisan,Gli imbattibili,全力バトル,전투태세,Kebal Pakan,Volop vechten,Maks kamp,Batalha maximizada,Бой до конца,สู้ขาดใจ,Saldırı Paketi,Sẵn sàng ra trận,Bitwa na maksa
TID_EVENT_TITLE_ATTACKPACK,Attack Pack,مجموعة الهجوم,进攻助力礼包,全力進攻特惠包,Angriffspaket,Lote de ataque,بسته حمله,Hyökkäyspaketti,Pack d'attaque,Paket Serangan,Pacchetto d'assalto,攻撃パック,공격 팩,Pek Serangan,Aanvalspakket,Angrepspakke,Pacote de ataque,Набор для атаки,แพ็คโจมตี,Saldırı Grubu,Gói Tấn công,Pakiet ataku
TID_EVENT_TITLE_BLINGTWINS,Bling Twins,الثنائي الثمين,好石成双,好石成雙,Klunkerdoppel,Doble caudal,جفت ممتاز,Tuplataika,Double richesse,Si Kembar Berkilau,Doppie rune,キラキラツイン,귀염둥이 쌍둥이,Kembar Berkilau,Blingtweeling,Blingtvillinger,Ouro dobrado,Богатая парочка,คู่หูวิบวับ,Şık Çift,Cặp đá cổ ngữ,Podwójny błysk
TID_EVENT_TITLE_CONSTRUCTION101,Construction 101,أسس التشييد,立本之道,建設準則,Bauwesen-Einmaleins,Construye ya,ساخت‌و‌ساز مقدماتی,Rakennusniksejä,Construction pour les nuls,Pembangunan 101,Corso di edilizia,建設入門セット,건축학 개론,Pembinaan 101,Nieuwbouw,Konstruksjon for nybegynnere,Manual de construção,Конструктор для начинающих,ก่อสร้างพื้นฐาน 101,İnşaat 101,Bách khoa xây dựng,Budowa od podstaw
TID_EVENT_TITLE_HEROMIXER,Hero Mixer,لقاء الأبطال,英雄助力,蓋世英雄,Heldengala,Fiesta de héroes,قهرمان بجوش,Sankareita kaikki,Fête des héros,Pesta Pahlawan,Gran gala degli eroi,ヒーローミキサー,영웅 믹서,Pesta Wira,Heldengala,Heltemikser,Mistura de herói,Героический замес,ผู้กล้าทรงพลัง,Kahraman Seti,Buổi tiệc Tướng,Zebranie herosów
TID_EVENT_TITLE_TOUCH_OFGOLD,Touch of Gold,اللمسة الذهبية,金币盛宴,金藥充沛,Ein Hauch von Gold,Toque de oro,ردّی از طلا,Hippunen kultaa,Éclat d'or,Sentuhan Emas,Vena d'oro,金の感触,골드 터치,Sentuhan Emas,Alles is goud,Et snev av gull,Toque de ouro,Позолотить ручку,ทองคำประดับประดา,Altın Dokunuş,Bàn tay Vàng,Złoty dotyk
TID_EVENT_TITLE_GOLD_TERRITORY,Gold Territory,أرض الذهب,固若金汤,固若金湯,Goldener Boden,Área áurea,قلمرو طلایی,Kultasuoni,Terres dorées,Wilayah Emas,Lande dorate,ゴールドテリトリー,골드 존,Kawasan Emas,Gouden territorium,Gullterritorium,Território de ouro,Золотой запас,ดินแดนแห่งทองคำ,Altın Bölgesi,Lãnh thổ Vàng ròng,Złote terytorium
TID_EVENT_TITLE_FIGHTING_CHANCE,Fighting Chance,فرصة للقتال,书山有路,書寫勝利,Rosige Aussichten,A troche y moche,فرصت مبارزه,Taistelutahto,Préparation de combat,Peluang Bertarung,Nuvole di guerra,戦いの好機,승리의 기회,Peluang Berlawan,Gevechtsklaar,Kjempesjanse,Chance de sucesso,Шанс на успех,ตำราพิชัยสงคราม,Kazanma Şansı,Cơ hội Chiến đấu,Szansa na zwycięstwo
TID_EVENT_TITLE_IMMENSE_DEFENSE,Immense Defense,الدفاع المنيع,无懈可击,無懈可擊,Starke Verteidigung,Defensa inmensa,دفاعی قوی,Mieletön puolustus,Immense défense,Pertahanan Kokoh,Difese lampo,万全の守り,엄청난 방어,Pertahanan Kuat,Vette verdediging,Kolossalt forsvar,Uma tremenda defesa!,Несокрушимая защита,ตั้งรับอย่างอุ่นหนาฝาคั่ง,Muazzam Savunma,Khả năng phòng thủ khủng,Niezłomna obrona
TID_EVENT_TITLE_NYSPECIAL,New Year Special,عرض العام الجديد الخاص,新年特惠,新年特惠,Neujahrs-Special,Especial de Año Nuevo,ویژه سال نو,Uudenvuoden erikoinen,Spécial Nouvel An,Spesial Tahun Baru,Speciale anno nuovo,新年スペシャル,새해 스페셜,Tahun Baharu!,Nieuwjaarsspecial,Nyttårsspesial,Especial de ano novo,К Новому году,ปีใหม่สุดพิเศษ,Yeni Yıla Özel,Ưu đãi Năm Mới,Oferta na Nowy Rok
TID_EVENT_TITLE_BUILDINGWISDOM,Building Wisdom,حكمة البناء,建筑奥秘,建築奧秘,Sehr erbaulich,Manos a la obra,شعور سازندگی,Fiksu rakentaja,Ouvrier sage,Bijak Membangun,Edilizia saggia,建設的な知識,건설 비법,Akal Budi,Bouwwijsheid,Byggekløkt,Construção do saber,Мудрый зодчий,ปรัชญาอาคาร,Bina Temeli,Thợ xây thông thái,Wiedza budownicza
TID_EVENT_TITLE_ANYTHING_GOES,Anything Goes,كل الخيارات متاحة,假期强援,萬全準備,Alles ist möglich!,Todo y más,همه چی قبوله,Kaikki käy,À tout va,Apa Saja Boleh,Onniscienza ed edilizia,やりたい放題！,건설하기 좋은 계절,Apa-apa Pun Jadi,Alles in overvloed,Alt skal bort,Vale tudo,Все подряд,ได้ทุกอย่าง,Her Şey Serbest,Gì cũng được,Wolna ręka
TID_EVENT_TITLE_ADVCHANCE,Advance Chance,فرصة التقدم,升级有方,升級有方,Bessere Verbesserungen,Oportunidad de mejora,فرصت پیشرفت,Kehitysmahdollisuus,Coup de pouce,Peluang Peningkatan,La forza del progresso,躍進の好機,한발 앞으로,Peluang untuk Maju,Upgradeplezier,Fremgangssjanse,Chance de avanço,Шанс на прорыв,โอกาสก้าวหน้า,Gelişme Şansı,Cơ hội Thăng tiến,Szansa na przewagę
TID_EVENT_TITLE_BOOST,Boost Juice,شراب التعزيز,能量特饮,能量飲料,Schubstrom,Brebaje potenciador,عصاره تقویت,Tehostuspirtelö,Cocktail boosté,Jus Pelaju,Intruglio potenziato,ブースト日和,부스트 주스,Jus Galakan,Boostkracht,Boostjuice,Poção potencializadora,Укрепляющий коктейль,น้ำยาเพิ่มพลัง,Güçlendirme Suyu,Nước ép Cường hóa,Sok wyskokowy
TID_EVENT_TITLE_EMG,Everything Must Go,تصفيات,琳琅满目,包羅萬象,Alles muss raus!,Liquidación total,آتیش زدم به مالم,Varaston tyhjennys,Liquidation totale,Cuci Gudang,Fuori tutto,売りつくし,완벽한 준비,Jualan Sampai Habis,Op = op,Alt skal vekk,Liquidação total,Все с молотка,งานนี้แจกไม่อั้น,Patron Çıldırdı,Thanh lý tất cả,Wszystko do wzięcia
TID_EVENT_TITLE_HJP,Hammer Jam Pack,مجموعة Hammer Jam,夯木节礼包,歡樂升級嘉年華特惠包,Hammerparty-Paket,Lote de Martillomanía,بسته «چکش‌کاری فشرده»,Hammer Jam -paketti,Pack Convention des marteaux,Paket Hammer Jam,Pacc. Qui si batte chiodo!,建設ラッシュパック,해머잼 팩,Pek Hammer Jam,Hammer Jam-pakket,Hammer Jam-pakke,Pacote da Martelofolia,Набор Hammer Jam,แพ็ค Hammer Jam,Çekiç Vakti Paketi,Gói Hammer Jam,Pakiet Hammer Jam
TID_EVENT_TITLE_SPRING_SPECIAL,Spring Special,عرض الربيع الخاص,春季特惠,春季特惠,Frühlingsangebot,Lote especial,ویژه بهار,Kevättarjous,Offre du printemps,Spesial Musim Semi,Offerta di primavera,春の特別セール,봄맞이 특가,Istimewa Musim Bunga,Voorjaarsspecial,Vårspesial,Oferta especial,Весенняя акция,พิเศษฤดูร้อน,Bahara Özel,Ưu đãi Mùa xuân,Promocja wiosenna
TID_EVENT_TITLE_BOOK_SMART,Book Smart,معارف الكتب,书写胜利,書卷致勝,Bücherweisheit,Biblioteca con sorpresa,نخبه,Kirjaviisas,Livre-aison,Kitab Pintar,Fiera del libro,本の虫,스마트 북,Cerdik Pandai,Boekenwurm,Bokorm,Feira do livro,Книжный червь,หนอนหนังสือ,Kitap Kurdu,Thư sinh Thông thái,Wiedza książkowa
TID_EVENT_TITLE_TRIPLEAID,Triple Aid,مساعدة ثلاثية,三重助力,加緊趕工,Dreifachhilfe,Receta mágica,کمک سه گانه,Tripla-apu,Secours triple,Tiga Bantuan,Triplo aiuto,3本の柱,트리플에이드,Tiga Bantuan,Drie drankjes,Trippelhjelp,Auxílio triplo,Тройная помощь,สร้างด่วนคูณสาม,Üçlü Destek,Hiệu quả gấp ba,Potrójna pomoc
TID_EVENT_TITLE_RUNE_AWAKENING,Rune Awakening,مفاجأة التمائم,符石闪耀,符石大師,Runenerwachen,El poder de las runas,خزان ناخوانده,Reilut riimukivet,Réveil des runes,Kebangkitan Rune,Incetta di rune,ルーンの覚醒,깨어나라 룬이여!,Kejutan Rune,Rune-ontwaking,Intens innspurt,Runas miraculosas,Рунное возрождение,รูนปลุกพลัง,Rün Dirilişi,Đá cổ ngữ Thức tỉnh,Przebudzenie run
TID_EVENT_TITLE_UPDATE_MEGA,Update Mega Pack,مجموعة التحديث العملاقة,升级超级礼包,超級升級特惠包,Update-Megapaket,Megalote de actualización,اَبَربسته به‌روزرسانی,Megapäivityspaketti,Mégapack de la mise à jour,Paket Pembaruan Mega,Mega pacc. dell'aggiornamento,アップデートメガパック,업데이트 메가 팩,Pek Mega Naik Taraf,Mega-updatepakket,Megastor oppdateringspakke,Megapacote de atualização,Меганабор к обновлению,แพ็คเมก้าอัปเดต,Güncelleme Mega Paketi,Gói Siêu Nâng cấp,Megapakiet aktualizacji
TID_EVENT_TITLE_CNY1_PACK,Lunar Festival,مهرجان العام القمري ,新春佳节 ,新春佳節,Mondfest,Festival Lunar,جشنواره سال نو چینی ,Kiinalaisen uudenvuoden festivaali,Festival lunaire,Festival Imlek,Festival lunare,旧正月,설날 맞이 특가,Pesta Tahun Baru Cina,Lunair festival,Månefestival,Festival Lunar,Китайский Новый год,เทศกาลตรุษจีน,Ay Festivali,Tết Nguyên Đán,Księżycowy festiwal
TID_EVENT_TITLE_SUPER_BUNDLE,Super Bundle,الباقة الخارقة,超级礼包,超級特惠,Super-Bundle,Superoferta,اَبَر بسته ترکیبی,Superpaketti,Super lot,Paket Super,Super bundle,スーパーセット,슈퍼 묶음 상품,Pakej Super,Superbundel,Superknippe,Supercombo,Супернабор,ห่อพลังซูเปอร์,Süper Paket,Gói siêu cấp,Superpakiet
TID_EVENT_TITLE_DOUBLEMUSCLE,Double Muscle,حجرا الأساس,双建合璧,雙重藍圖,Baulöwe,Construcción,سازش مضاعف,Tuplamuskeli,Bâtisseur,Tenaga Ganda,Doppia forza,筋肉で解決,더블 머슬,Binaan Berganda,Dubbel bouwen,Dobbelmuskel,Construção dobrada,Двойная сила,พลังกล้ามคูณสอง,İki Kat İnşaat,Sức mạnh nhân đôi,Sił za dwoje
TID_EVENT_TITLE_SUMMERUPDATESPECIAL,Summer Special,عرض الصيف الخاص,夏季特惠,夏季特惠,Sommer-Special,Oferta especial,ویژه تابستان,Kesän erikoistarjous,Spécial été,Spesial Musim Panas,Offerta estiva,夏の大サービス,써머 스페셜,Istimewa Musim Panas,Zomerspecial,Sommerspesial,Oferta especial,Особая летняя акция,ข้อเสนอพิเศษฤดูร้อน,Yaza Özel,Ưu đãi Mùa hè Đặc biệt,Letnia oferta
TID_EVENT_TITLE_SUMMER199,Summer's End Special,عرض نهاية الصيف الخاص,夏末特惠,夏末特惠,Sommerende-Special,Evento especial,ویژه پایان تابستان,Loppukesän erikoinen,Spécial fin d'été,Akhir Musim Panas Spesial,Contenuti speciali di fine estate,夏の終わりスペシャル,뜨거웠던 여름의 끝!,Istimewa Hujung Musim Panas,Zomereindespecial,Sommersluttspesial,Evento especial,Акция к концу лета,ข้อเสนอพิเศษสิ้นสุดฤดูร้อน,Yaz Sonu Özel,Ưu đãi Cuối hè,Oferta na pożegnanie lata
TID_EVENT_TITLE_ICY_DARKNESS,Icy Darkness,صقيع وظلمة,冰封暗影,冰封暗影,Eisige Dunkelheit,Oscuridad helada,تاریکی یخی,Jäinen pimeys,Ténèbres glacées,Dingin Mencekam,Tenebre glaciali,冷たい闇,차디찬 어둠,Kegelapan Berais,IJzige duisternis,Isete mørke,Sombra gélida,Ледяная тьма,ความมืดมิดเย็นเยือก,Buzlu Karanlık,Bóng đêm Băng giá,Mroźny mrok
TID_EVENT_TITLE_COMMON_CENTS,Common Cents,في متناول اليد,物有所值,物有所值,Centsation,Céntimos comunes,سِنت سلیم,Järkivalinnat,Petites pièces,Penawaran Receh,Per un pugno di centesimi,常識ハズレの大割引,푼돈,Harga Rahmah,Prachtig profijt,En krone spart,Meros centavos,Дешево и сердито,ราคาปุถุชน,Bini Bir Para,Giảm giá sập sàn,Wtrącić trzy grosze
TID_EVENT_TITLE_BARGAIN_JARGON,Bargain Jargon,صفقة ممتازة,物美价廉,物美價廉,Hand (voll Gold) drauf,Jerga de chollos,فن تخفیف,Tarjouslaari,Jargon négociant,Sayang Anak,Parlantina da venditore,燃えるバーゲン魂,가성비 굿,Super Jimat,Dat scheelt,Klingende mynt,Uma barganha,Выгодная сделка,รหัสลับส่วนลด,Eli Sıkı,Ưu đãi hấp dẫn,Złoty język
TID_EVENT_TITLE_BRIEF_RELIEF,Brief Relief,قمة التوفير,低价优质,低價超值,Leichte Erleichterung,Breve respiro,آسودگی موقت,Hetken helpotus,Petite pause,Balik Modal,Un po' di sollievo,ささやかな支援,번개 세일,Jualan Panas,Kostelijk goedkoop,Pent tjent,Alívio imediato,Почти даром,ค่าบรรเทาทุกข์,Pazarlık Payı,Rẻ như bèo,Chwila na oddech
TID_EVENT_TITLE_CHEAPER_KEEPER,Cheaper Keeper,عرض رخيص,便宜好物,經濟實惠,Wahnsinnig billig,Baratura,ارزان ولی به‌دردبخور,Halpiskamaa,Ça vaut le coup,Hemat Pangkal Kaya,Prezzo imbattibile,夏の防衛応援セール,득템,Murah Gila,Voordeelpret,Rimelig smart,Mais em conta,Большая выгода,ลดแลกแจกแถม,Ucuza Kapatalım,Giá rẻ bất ngờ,Taniocha
TID_EVENT_ANIMATION_GETITNOW,Get it Now!,احصل عليه الآن!,立即获取！,立即獲取！,Zum Shop!,¡No te la pierdas!,همین حالا!,Hanki omasi nyt!,"Pour vous, maintenant !",Dapatkan Sekarang!,Acquista ora!,今すぐゲット！,지금 구매하세요!,Dapatkan Sekarang!,Haal er nu een!,Slå til nå!,Adquira já!,Поспешите!,รวยทันใจ!,Şimdi Al!,Mua ngay!,Odbierz teraz!
TID_EVENT_ANIMATION_DON'TMISSOUT,Don't Miss out!,لا تضيع الفرصة,不要错过！,不要錯過！,Angebot!,No te la pierdas,از دست ندهید!,Älä jää paitsi!,À ne pas rater,Ayo Dapatkan!,Non perdertela!,お見逃しなく！,기회를 놓치지 마세요!,Jangan terlepas,Mis het niet!,Slå til nå!,Não perca!,Не пропустите!,อย่าได้พลาด!,Kaçırma!,Đừng bỏ lỡ nhé!,Nie przegap!
TID_EVENT_ANIMATION_FEARNOT,Fear Not!,لا تخف!,勇者无畏！,無所畏懼！,Keine Angst!,¡No tengas miedo!,ترس به دلت راه نده!,Rohkeasti vaan!,Pas d'inquiétude,Jangan Takut!,Non avere dubbi!,恐れずに！,두려워하지 마세요!,Usah takut!,Wees niet bang!,Frykt ikke!,Não tema!,Залог бесстрашия!,อย่าได้กลัว!,Korkma!,Không cần phải sợ!,Bez obaw!
TID_EVENT_ANIMATION_FEELTHEPOWER,Feel the Power!,استمتع بالقوة!,感受力量！,感受力量！,Spüre die Power!,¡Siente el poder!,لذت قدرت!,Aisti voima!,Offre puissante,Rasakan Kekuatan Ini!,Ora si fa sul serio!,力をその手に！,강력한 힘을 느껴보세요!,Rasailah Kuasanya!,Voel de kracht!,Kjenn kraften!,Sinta a intensidade!,Источник силы!,สัมผัสถึงพลังสิ!,Gücü Hisset!,Sức mạnh tràn trề!,Poczuj moc!
TID_EVENT_ANIMATION_UPGRADENOW,Upgrade now!,قم بالترقية الآن!,现在升级！,立即升級！,Jetzt verbessern!,¡A mejorar!,حالا ارتقاء بده!,Päivitä nyt!,"Pour vous, maintenant !",Tingkatkan Sekarang!,Migliora adesso!,今すぐアップグレード！,지금 업그레이드하세요!,Naik taraf sekarang!,Nu upgraden!,Oppgrader nå!,Melhorias já!,Время улучшать!,อัปเกรดเลย!,Şimdi yükselt!,Nâng cấp ngay nào!,Ulepsz teraz!
TID_EVENT_ANIMATION_OUTOFTHEWAY,Out of the Way!,لا تقف في طريقي!,披荆斩棘！,披荊斬棘！,Aus dem Weg!,¡Fuera de mi camino!,کنار بکش!,Pois alta!,C'est parti !,Enyah dari Sini!,Pista!,道を切り拓け！,저리 비켜!,Ke tepi!,Nu upgraden!,Unna vei!,Sai da frente!,С дороги!,หลบหน่อยพระเอกมา!,Çekil Yolumdan!,Dọn đường!,Z drogi!
TID_EVENT_ANIMATION_GOLDSTANDARD,Gold Standard!,المعيار الذهبي,黄金法则！,黃金法則！,Goldener Standard!,Medalla de oro,استاندارد طلایی!,Kultakanta,Standards dorés,Standar Emas!,Guarda come luccica!,ゴールデンスタンダート！,골드가 최고!,Standard Emas!,Gouden standaard!,Gullstandard!,Padrão de ouro!,Золотой стандарт!,ทองคำแท้แน่นอน!,Altın Standart!,Tiêu chuẩn vàng!,Złoty standard!
TID_EVENT_ANIMATION_HEROPRIDE,Hero Pride!,فخر الأبطال,英雄魅力！,英雄魅力！,Stolz des Helden!,¡Orgullo heroico!,افتخار قهرمان!,Sankariylpeyttä,Fierté héroïque,Kebanggaan Pahlawan!,Potere agli eroi!,ヒーローの品格！,영웅의 긍지!,Kebanggaan Wira!,Heldenmoed!,Heltens stolthet!,Orgulho de herói!,Честь героя!,ผู้กล้าอหังการ!,Kahramanlık Gururu!,Niềm kiêu hãnh của Tướng!,Duma herosa!
TID_EVENT_ANIMATION_MOVEIT,Move it!,بسرعة!,随心所移！,隨心所移！,Bewegung!,¡Muévelo!,جابه‌جایش کن!,Liikkeelle!,On déplace tout !,Ayo Bergerak!,Facciamo ordine!,自由に移動！,서두르세요!,Alihkannya!,Weg ermee!,Av gårde!,Movendo tudo!,Движение —жизнь!,ถึงเวลาแยกย้าย!,Haydi!,Dọn dẹp nào!,Rusz się!
TID_EVENT_ANIMATION_FEELTHEMAGIC,Feel the Magic!,فعل السحر,法术神威！,魔法在手！,Mächtige Magie!,Siente la magia,جادو رو حس کن!,Taianomaista!,C'est magique !,Rasakan Sihir!,Magia!,これぞ魔力だ！,마법의 힘!,Rasai Keajaiban,Voel de magie!,Føl magien!,Só magia!,Это волшебство!,สัมผัสเวทมนตร์!,Büyüyü Hisset!,Phép thuật mạnh mẽ!,Poczuj magię!
TID_EVENT_ANIMATION_NEVERENOUGH,Never Enough!,هل من مزيد؟,多多益善！,多多益善！,Nie genug!,¿Aún más?,همیشه کمه!,Mikään ei riitä,Jamais assez,Mau Lagi?,Mai senza!,飽くなき情熱！,"더, 더, 더!",Tak cukup ni!,Nooit genoeg!,Aldri nok!,Sempre mais!,Много не мало!,ยังไม่พอ!,Onsuz Olmaz!,Không bao giờ đủ!,Nigdy dość!
TID_EVENT_ANIMATION_BEWISE,Be Wise!,تسلح بالحكمة,安排有道！,巧妙安排！,Weises Werk,¡El conocimiento es poder!,عاقل باش!,Toimi viisaasti!,Soyez sage !,Bersikap Bijak!,Saggia scelta!,知恵を絞れ！,현명하게!,Bijak Bestari!,Wees wijs!,Bruk hodet!,Conhecimento é poder!,Мудрый выбор,ฉลาดใช้!,Akıllıca!,Hãy sáng suốt!,Z rozumem!
TID_EVENT_ANIMATION_ALLYOUNEED,All You Need!,كل ما تحتاج إليه,想您所想！,築夢踏實！,"Alles, was du brauchst!",¡Imprescindible!,همه آنچه که می‌خواهی!,Kaikki tarpeellinen!,Pour tous vos besoins,Persediaan Penting!,Indispensabile!,これが肝心！,생필품!,Keperluan Anda!,Alles wat je wilt!,Alt du trenger!,Imprescindível!,Самое нужное,ทุกสิ่งที่ต้องการ!,Tüm Gerekenler!,Tất cả những gì bạn cần!,"Wszystko, czego trzeba!"
TID_EVENT_ANIMATION_HAPPYNEWYEAR,Happy New Year!,سنة سعيدة!,新年快乐！,Happy New Year！,Frohes neues Jahr!,¡Feliz Año Nuevo!,سال نو میلادی مبارک!,Hyvää uutta vuotta!,Bonne année !,Selamat Tahun Baru!,Buon anno nuovo!,明けましておめでとうございます！,해피 뉴 이어!,Selamat Tahun Baharu!,Gelukkig nieuwjaar!,Godt nyttår!,Feliz Ano-Novo!,С Новым годом!,สวัสดีปีใหม่!,Herkesin Yeni Yılını Kutlarız!,Chúc mừng Năm mới!,Szczęśliwego nowego roku!
TID_EVENT_ANIMATION_STARTSTRONG,Start strong!,ابدأ بداية قوية!,开战大吉！,旗開得勝！,Starker Start!,¡En marcha!,پرتوان شروع کن!,Kunnon aloitus!,Ça commence fort !,Awal gemilang!,Inizio super!,スタートダッシュ！,강하게 시작하세요!,Arah Gemilang,Begin sterk!,Kom godt i gang!,Comece a todo vapor!,Мощный старт!,เริ่มปีอย่างแข็งแกร่ง!,Güçlü başla!,Khởi đầu hoành tráng!,Z kopyta!
TID_EVENT_ANIMATION_GOFORIT,Go for it!,لا تضيع الفرصة!,机不可失,機不可失,Greif zu!,¡Aprovecha!,بگیریدش!,Anna palaa!,C'est parti,Jangan lewatkan!,Approfittane!,今すぐゲット！,지금 활용해보세요!,Pergilah!,Ga ervoor!,Kjør på!,Vamos lá!,Налетай!,ลุยเลย!,Hepsi seni bekliyor!,Hãy thử xem nhé!,Śmiało!
TID_EVENT_ANIMATION_PREPAREYOURSELF,Prepare Yourself!,استعد!,全面备战！,全面備戰！,Mach dich bereit!,¡Prepárate!,خودتان را آماده کنید!,Oletko valmiina?,Pour le combat !,Siapkan Dirimu!,Preparati!,戦いに備えよう！,공격에 대비하세요!,Bersiap Sedialah!,Bereid je voor!,Gjør deg klar!,Prepare-se!,Пора готовиться!,จงเตรียมพร้อม!,Hazırlan!,Chuẩn bị Sẵn sàng!,W gotowości!
TID_EVENT_ANIMATION_UPDATEOFFER,Update Offer!,عرض التحديث,更新特惠！,更新特惠！,Update-Angebot!,Oferta de actualización,پیشنهاد به‌روزرسانی!,Päivitystarjous,Offre de la mise à jour,Penawaran Pembaruan!,Offerta dell'aggiornamento!,アップデートセール！,업데이트 특가 상품!,Tawaran Kemas Kini!,Update-aanbieding.,Oppdateringstilbud!,Oferta de atualização!,Акция к обновлению!,ข้อเสนออัปเดต!,Güncelleme Teklifi!,Ưu đãi Cập nhật!,Oferta aktualizacji!
TID_EVENT_ANIMATION_OPPOTUNITYKNOCKS,Opportunity Knocks,الفرصة تطرق بابك,机不可失,機不可失,Kannst du das ablehnen?,La oportunidad llama,شانس بر در می‌کوبد,Tilaisuus kolkuttaa,Une belle affaire,Racun Belanja,L'occasione,最強割引チャンス,절호의 기회,Jangan Terlepas,Buitenkansje,Mulighetene kaller,Oferta na mão,Особый шанс,โอกาสมาเยือน,Fırsat Kapıya Dayandı,Cơ hội đến rồi!,Okazja u drzwi
TID_EVENT_ANIMATION_MONTHLYDEAL,Monthly Deal,عرض شهري,每月精选,每月精選,Monatsangebot,Oferta mensual,معامله ماهانه,Kuukauden diili,Promo du mois,Promo Bulanan,Affare del mese,マンスリーセール,월간 특가,Tawaran Bulanan,Maandelijkse deal,Månedens tilbud,Oferta mensal,Сделка месяца,ดีลประจำเดือน,Aylık Fırsat,Ưu đãi hằng tháng,Oferta miesiąca
TID_EVENT_ANIMATION_MONTHLYSPECIAL,Monthly Special,عرض شهري خاص,每月特惠,每月特惠,Monats-Special,Oferta especial del mes,ویژه ماهانه,Kuukauden erikoistarjous,Offre spéciale du mois,Spesial Bulan Ini,Offerta speciale del mese,マンスリースペシャル,월간 스페셜,Istimewa Bulanan,Maandelijkse special,Månedens spesialtilbud,Especial do mês,Акция месяца,พิเศษประจำเดือน,Aylık Özel,Ưu đãi đặc biệt hằng tháng,Specjalna oferta miesiąca
TID_EVENT_ANIMATION_MONTHLYDROP,Monthly Drop,صفقة شهرية,每月惊喜,每月驚喜,Monats-Drop,Oferta del mes,نزول ماهانه,Kuukauden palkinto,Drop du mois,Hadiah Bulanan,Offerta del mese,マンスリードロップ,월간 드롭,Ganjaran Bulanan,Maandelijkse aanbieding,Månedens slipp,Sorteio do mês,Товар месяца,ดรอปประจำเดือน,Aylık Gelen,Giảm giá hằng tháng,Łup miesiąca
TID_EVENT_ANIMATION_MONTHLYVALUE,Monthly Value,قيمة شهرية,每月超值,每月超值,Monats-Bonusangebot,Oferta exclusiva del mes,ارزش ماهانه,Kuukauden tarjous,Offre exclusive du mois,Hemat Bulan Ini,Occasione del mese,マンスリーバリュー,월간 밸류 팩,Tawaran Hebat Bulanan,Maandelijkse waarde,Månedens kupp,Oferta exclusiva do mês,Выгода месяца,สุดคุ้มประจำเดือน,Aylık Avantaj,Gói tiết kiệm hằng tháng,Okazja miesiąca
TID_EVENT_ANIMATION_FRESHTHISMONTH,Fresh This Month,جديد هذا الشهر,本月上新,本月新品,Diesen Monat neu,Novedad del mes,این ماه تازه شروع کنید,Uusinta uutta tässä kuussa,Nouveautés du mois,Baru di Bulan Ini,Novità del mese,今月の新着,이달의 신상품,Baharu di Bulan Ini,Nieuw deze maand,Nytt denne måneden,Novidade do mês,Новинка месяца,มาใหม่เดือนนี้,Bu Ay Yeni,Mới trong tháng này,Nowe w tym miesiącu
TID_EVENT_TITLE_ONETIMEPURCHASE,ONE TIME PURCHASE!,شراء لمرة واحدة!,限购一次！,限購一次！,EINMALIGER KAUF!,¡COMPRA ÚNICA!,خرید یک‌باره!,KERTAOSTOS!,ACHAT UNIQUE,PEMBELIAN SATU KALI!,ACQUISTABILE UNA SOLA VOLTA!,購入は1回のみ！,1회 한정 구매!,PEMBELIAN SATU KALI!,EENMALIGE AANKOOP!,ENGANGSKJØP!,COMPRA ÚNICA!,РАЗОВАЯ АКЦИЯ!,การซื้อแบบครั้งเดียว!,TEK SEFERLİK FIRSAT!,ƯU ĐÃI MỘT LẦN!,JEDNORAZOWY ZAKUP!
TID_EVENT_TITLE_ONETIMEONLY,ONE TIME ONLY!,مرة واحدة لا تتكرر!,仅限一次！,僅限一次！,EINMALIG!,¡SOLO UNA VEZ!,فقط یک بار!,SAATAVILLA VAIN KERRAN!,LIMITÉ À UNE FOIS,HANYA SATU KALI!,SOLO UNA VOLTA!,初回限定！,1회 한정!,SATU KALI SAHAJA!,EENMALIG!,KUN ÉN GANG!,CHANCE ÚNICA!,ДОСТУПНО ТОЛЬКО 1 РАЗ!,ครั้งเดียวเท่านั้น!,TEK SEFERLİK!,CHỈ MỘT LẦN DUY NHẤT!,TYLKO RAZ!
TID_EVENT_TITLE_WELCOMETOCLASH,Welcome to Clash!,مرحبًا بكم في Clash!,首领，欢迎您加入！,首領，歡迎你加入！,Willkommen bei Clash!,¡Te damos la bienvenida a Clash of Clans!,به Clash خوش آمدید!,Tervetuloa Clashiin!,Bienvenue dans Clash !,Selamat datang di Clash!,Ti diamo il benvenuto su Clash!,クラクラへようこそ！,클래시 세계에 오신 걸 환영합니다!,Selamat datang ke Clash!,Welkom bij Clash!,Velkommen til Clash!,Bem-vindo ao Clash!,Добро пожаловать в Clash of Clans!,ขอต้อนรับสู่ Clash!,Clash'e hoş geldin!,Chào mừng đến với thế giới Clash!,Witamy w Clash!
TID_EVENT_TITLE_JUSTFORYOU,Just for YOU!,لأجلكم أنتم فقط!,您的专属特惠！,你的專屬特惠！,Nur für DICH!,¡Solo para ti!,فقط برای شما!,Vain sinulle!,Offre exclusive !,KHUSUS untukmu!,Solo per te!,あなただけの特別セール！,나만을 위한 상품!,Hanya untuk ANDA!,Alleen voor JOU!,Bare for DEG!,Só para VOCÊ!,Персонально для ВАС!,พิเศษสำหรับท่าน!,Sadece sana özel!,Dành riêng cho BẠN!,Tylko dla CIEBIE!
TID_EVENT_TITLE_MASHUP,Mashup Madness,المزيج المجنون,合体狂潮,縫合怪談,Kombo-Wahnsinn,Caos multitropa,جنون درهم‌آمیزی,Karmiva sekoitus,Méli-mélo,Koalisi Edan,Collage orrendo,禁断の合成実験,매시업 매드니스,Gabungan Gila,Chaotische gekte,Mashup-galskap,Mistura maluca,Жуткое безумие,รวมร่างอลวน,Deney Çılgınlığı,Sự kết hợp điên rồ,Szaleństwo kombinacji
TID_EVENT_MASHUP_TOKENS,Mashup Medals,أوسمة المزيج,合体奖章,縫合幣,Mixmedaillen,Medallas de multitropas,مدال‌های درهم‌آمیزی,Karmivat mitalit,Médailles combo,Medali Edan,Medaglie del Collage,禁断のメダル,매시업 메달,Pingat Gabungan,Chaotische gekte-medailles,Mashup-medaljer,Medalhas medonhas,Жуткие медали,เหรียญรวมร่าง,Deney Madalyaları,Huy chương kết hợp,Medale kombinacji
TID_EVENT_DRAGON_MEDALS,Dragon Medals,أوسمة التنانين,神龙奖章,神龍幣,Drachenmedaillen,Medallas de dragón,مدال‌های اژدها,Lohikäärmemitalit,Médailles draconiques,Medali Naga,Medaglie del drago,ドラゴンメダル,드래곤 메달,Pingat Naga,Drakenmedailles,Dragemedaljer,Medalhas de dragão,Медали дракона,เหรียญมังกร,Ejderha Madalyaları,Huy chương Rồng,Smocze medale
TID_EVENT_SUPERMEDALS,Super Medals,أوسمة خارقة,超级奖章,超級幣,Supermedaillen,Supermedallas,اَبَرمدال‌ها,Supermitaleja,Super médailles,Medali Super,Supermedaglie,スーパーメダル,슈퍼 메달,Pingat Super,Supermedailles,Supermedaljer,Supermedalhas,Супермедали,เหรียญซูเปอร์,Süper Madalyalar,Huy chương siêu cấp,Super medale
TID_EVENT_TITLE_GIFT,A gift for you!,إليك هدية!,送您的礼物！,送你的禮物！,Ein Dankeschön!,¡Ten un regalo!,هدیه‌ای برای شما!,Lahja sinulle!,Un cadeau pour vous !,Hadiah untukmu!,Un regalo!,大感謝プレゼント！,대장님을 위한 선물!,Hadiah untuk anda!,Een cadeautje voor jou!,En gave til deg!,Um presentinho!,Подарок для вас!,ของขวัญสำหรับท่าน!,Bir hediyemiz var!,Món quà dành cho bạn!,Prezent dla Ciebie!
TID_EVENT_ANIMATION_CLASHIVERSARY,Happy Clashiversary!,عيد Clash سنوي سعيد!,《部落冲突》生日快乐！,周年生日快樂！,Frohes Clash-Jubiläum!,Feliz Clashiversario,سالگرد کلش مبارک!,Hyvää Clashin synttäriä!,Joyeux Clashiversaire !,Selamat Ulang Tahun Clash!,Buon Clashiversario!,周年記念！,해피 클래시데이!,Selamat Ulang Tahun Clash!,Fijne Clash-jaardag!,Til lykke med clashileet!,Feliz Clash-versário!,С годовщиной Clash!,สุขสันต์วันครบรอบการปะทะ!,Clash Yıl Dönümünüz kutlu olsun!,Chúc mừng Sinh nhật Clash!,Rocznica Clash!
TID_EVENT_HAPPYHOLI,Happy Holi!,لنحتفل بمهرجان الهولي!,洒红节快乐！,侯麗節快樂！,Frohes Holi-Fest!,¡Celebremos el festival Holi!,هولی مبارک!,Riemukasta Holi-juhlaa!,Joyeuse Holi !,Semarak Holi!,Festeggiamo l'Holi Festival!,ホーリー祭を祝いましょう！,홀리 축제를 즐기세요!,Selamat Holi!,Happy Holi!,God holi!,Feliz Holi!,С праздником Холи!,สุขสันต์โฮลี!,Holi Festivaliniz kutlu olsun!,Mừng lễ hội Holi!,Wesołego święta holi!
TID_EVENT_TITLE_BLACK_FRIDAY,Black Friday Pack,مجموعة بلاك فرايداي,黑色星期五礼包,黑色星期五特惠包,Black-Friday-Paket,Lote del Black Friday,بسته جمعه سیاه,Black Friday -paketti,Pack de Black Friday,Paket Black Friday,Pacchetto Black Friday,ブラックフライデーパック,블랙프라이데이 팩,Pek Black Friday,Black Friday-pakket,Black Friday-pakke,Pacote de Black Friday,Черная пятница,แพ็คแบล็กฟรายเดย์,Kara Cuma Paketi,Gói ngày Thứ Sáu Đen,Pakiet na Black Friday
TID_EVENT_ANIMATION_DIWALI,Happy Diwali!,مهرجان ديوالي سعيد!,排灯节快乐！,排燈節快樂！,Frohes Diwali!,¡Feliz Diwali!,دیوالی مبارک!,Hyvää diwalia!,Joyeux Diwali !,Diwali Meriah!,È iniziato il Diwali!,ディワリを祝いましょう！,디왈리를 함께 기념해요!,Selamat Hari Deepavali!,Fijne Divali!,Ha en fin diwali!,Feliz Diwali!,С праздником Дивали!,สุขสันต์ดิวาลี!,Diwali festivaliniz kutlu olsun!,Chào mừng lễ Diwali!,Wesołego święta diwali!
TID_EVENT_TITLE_NEW_SINGLES_DAY,Singles Day Special,عرض يوم العُزاب الخاص,双十一特惠,雙11特惠,Singles’-Day-Special,Especial del Día del Soltero,ویژه روز مجردها,Sinkkujen päivän tarjous,Offre de la fête des célibataires,Spesial Hari Jomblo,Giornata dei single,光棍節スペシャル,11.11 스페셜,Istimewa Hari Bujang,Vrijgezellendagspecial,Tilbud på singeldagen,Especial do dia dos solteiros,Акция ко Дню холостяков,พิเศษวันคนโสด,Bekârlar Gününe Özel,Ưu đãi ngày lễ độc thân,Oferta specjalna na Dzień Singla
TID_EVENT_ANIMATED_TEXT_SINGLES_DAY,Celebrate Singles Day!,احتفل بيوم العُزاب,嗨爆双十一！,歡慶雙11！,Feiere den Singles’ Day!,¡Celebra el Día del Soltero!,روز مجردها را جشن بگیرید!,Juhlista sinkkujen päivää!,Fêtez la journée des célibataires !,Ayo Meriahkan Hari Jomblo!,Festeggia la giornata dei single!,光棍節をお祝いしましょう！,11.11을 기념해요!,Meraikan Hari Bujang!,Vier Vrijgezellendag!,Feir singeldagen!,Comemore o dia dos solteiros!,Празднуем День холостяков!,ฉลองวันคนโสด!,Bekârlar Gününü Kutluyoruz!,Chúc mừng ngày lễ độc thân!,Świętuj Dzień Singla!
TID_EVENT_ANIMATION_MERRYXMAS,Merry Clashmas!,عيد Clash سعيد!,Clash圣诞节快乐！,Clash聖誕節快樂！,Frohe Clash-Weihnacht!,¡Feliz Clashvidad!,کلش کریسمس مبارک!,Hyvää Clashin joulua!,Joyeux Clash Noël !,Selamat Clashmas!,Buon Clashtale!,メリークラッシュマス！,메리 클래시마스!,Selamat Clashmas!,Vrolijk Clashmis!,God clashmas!,Feliz Natal do Clash!,С Clash-Рождеством!,สุขสันต์วันแคลชมาส!,Mutlu bir Clash Yeni Yılı dileriz!,Chúc mừng Giáng Sinh Clash!,Wesołych świąt z Clash!
TID_EVENT_TITLE_XMAS_GEMS,Clashmas Gem Bundle,باقة جواهر عيد Clash,Clash圣诞节宝石大礼包,Clash聖誕節寶石特惠包,Clash-Weihnachts-Bundle,Combo de gemas de Clashvidad,بسته ترکیبی جواهر کلش کریسمس,Clashin joulun timanttipaketti,Lot de gemmes de Clash Noël,Paket Permata Clashmas,Bundle di gemme clashtalizio,クラッシュマス エメラルドセット,클래시마스 보석 묶음 상품,Pek Permata Clashmas,Clashmis-edelstenenbundel,Clashmas-juvelpakke,Pacote de gemas Clash Natalino,Набор к Clash-Рождеству,ห่ออัญมณีแคลชมาส,Clash Yeni Yılı Taş Paketi,Gói Ngọc Giáng Sinh Clash,Świąteczny pakiet klejnotów
TID_EVENT_TITLE_MEGABUILDER,Mega Builder Pack,حزمة البنّاء العملاقة,超级建筑工人礼包,超級建築工人特惠包,Mega-Bauarbeiterpaket,Megalote de constructor,بسته سازنده مگا,Megarakentajapaketti,Méga pack ouvrier,Paket Tukang Mega,Megapacchetto del costruttore,メガ大工パック,메가 장인 팩,Pek Pembina Mega,Mega-bouwvakkerspakket,Megabyggepakke,Megapacote do Construtor,Меганабор строителя,แพ็คช่างก่อสร้างเมก้า,Mega İnşaatçı Paketi,Gói Thợ xây Siêu cấp,Megapakiet Budowniczego
TID_EVENT_TITLE_DUOBUILDER,Duo Builder Pack,حزمة البنّاء الثنائية,建筑工人搭档礼包,建築工人搭檔特惠包,Duo-Bauarbeiterpaket,Lote doble de constructor,بسته سازنده دوتایی,Tuplarakentajapaketti,Pack ouvrier duo,Paket Tukang Duo,Pacchetto del duo di costruttori,コンビ大工パック,듀오 장인 팩,Pek Pasangan Pembina,Duo-bouwvakkerspakket,Duobyggepakke,Pacote duplo do Construtor,Набор с двумя строителями,แพ็คช่างก่อสร้างคู่หู,Çift İnşaatçı Paketi,Gói Bộ đôi Thợ xây,Podwójny pakiet Budowniczego
TID_EVENT_TITLE_GEARFEAR,Geared & Feared,عتاد يثير الارتعاد,骇人装备,驚懼武裝,Gerüstet & gefürchtet,Armados y temidos,مجهز و ترسیده,Varusteltu ja pelätty,Équipé et redouté,Melindungi & Mengayomi,Equipaggiati e contenti,恐怖の改造,유비유환,Berlengkap & Ditakuti,Uitgerust en afschrikwekkend,Utrustet og fryktet,Armados e Venerados,Снаряжен и опасен,ชุดขนพองสยองเกล้า,Gelişmiş ve Değişmiş,Trang bị & Sợ hãi,Uzbrojenie po zęby
TID_EVENT_TITLE_GEARUP,Geared Up,أتم الاستعداد,全副武装,全副武裝,Ausgezeichnet ausgerüstet,Armados,آماده‌به‌کار,Valmiina taistoon,Équipé à bloc,Persenjataan Lengkap,Equipaggiati fino ai denti,改造計画,완전무장,Berlengkap,Sterk verbeterd,I full utrustning,Armado até os dentes,Полный фарш,ชุดจัดเต็ม,Geliştirilmiş,Củng cố,Pełne uzbrojenie
TID_EVENT_TITLE_ARMORFARMER,Armor Farmer,جامع الدروع,武装农夫,武裝農夫,Rüstungsrandale,Experto en armaduras,زره‌ورز,Kilpavarustelua,Farm d'armures,Kolektor,Esperto di armi,武装農民,갑옷 농부,Peladang Berperisai,Uitermate uitgerust,Panserbonde,Fazendeiro de armadura,Броневик,ชุดเกราะนักฟาร์ม,Zırhlı Çiftçi,Nông dân mặc giáp,Zbrojownia
TID_EVENT_TITLE_EQUIPMENTSHIPMENT,Equipment Shipment,شحنة المعدات,装备速递,裝備快遞,Ausrüstungsaufrüstung,Lote de equipo,حمل‌ونقل تجهیزات,Varustetoimitus,Provisions d'équipements,Pengiriman Perlengkapan,Equipaggiamenti à gogo,装備の配送,장비 배송,Penghantaran Peralatan,Uitrustingsbewust,Utstyrsforsendelse,Lote de equipamentos,Поставка оборудования,จัดส่งอุปกรณ์,Ekipman Teslimatı,Cung cấp trang bị,Dostawa wyposażenia
TID_EVENT_TITLE_HEAVEYMETAL,Heavy Metal,هيفي ميتال,重金属,重金屬,Heavy Metal,Metales pesados,هِوی متال,Hevimetallia,Heavy Metal,Heavy Metal,Metalli pesanti,ヘヴィメタル,헤비메탈,Logam Berat,Zwaar metaal,Tungmetall,Heavy metal,Хэви-метал,เฮฟวีเมทัล,Heavy Metal,Trang bị kim loại,Metal
TID_EVENT_TITLE_METALMASTERS,Metal Masters,أبطال المعدن,金属大师,金屬大師,Metallmeister,Maestría de metales,استادان فلز,Metallin mestarit,Maîtres du métal,Master Metal,Fabbri ferrai,メタルマスター,메탈 마스터,Pakar Logam,Metaalmeesters,Metallmestre,Mestres do metal,Повелители металла,เจ้าแห่งโลหะ,Metalin Ustaları,Bậc thầy kim loại,Mistrzowie metalu
TID_EVENT_TITLE_IRONMAIDENS,Iron Maidens,الفتيات الحديديات,钢铁女杰,鋼鐵英豪,Iron Maidens,Metalizados,آیرن میدنز,Rautaneidot,Anges de fer,Gadis Metal,Donne d'acciaio,鉄の乙女,아이언 메이든,Dayang Besi,Metalen meiden,Jernjomfruer,Damas de ferro,Железные девы,นักรบเหล็กกล้า,Metalci Kızlar,Thiếu nữ sắt,Żelazne damy
TID_EVENT_TITLE_CLASHNATURE,Clash For Nature,العب Clash من أجل الطبيعة,为自然而战,為自然而戰,Clash für die Natur,Clash por la naturaleza,Clash برای طبیعت,Clash luonnon puolesta,Clash pour la nature,Dari Clash untuk Alam,Battaglia per la natura,クラッシュ・エコロジー,자연을 위해 클래시,Bertempur untuk alam,Clash voor de natuur,Clash for naturen,Clash for Nature,Битва за природу!,Clash เพื่อธรรมชาติ,Doğa İçin Clash,Chiến đấu vì thiên nhiên,Clash dla natury
TID_EVENT_ANIMATION_ENJOYYOURREWARD,Enjoy your reward!,استمتع بجائزتك,尽情享受奖励吧！,盡情享受獎勵吧！,Viel Spaß mit der Belohnung!,¡Disfruta de la recompensa!,از جایزه‌تان لذت ببرید!,Toivottavasti pidät lahjastasi!,Profitez de votre récompense !,Nikmati hadiahmu!,Goditi la tua ricompensa!,報酬をお受け取りください！,보상을 받으세요!,Nikmati ganjaran anda!,Geniet van je beloning!,Gled deg over belønningen!,Aproveite a recompensa!,Ваша награда!,สนุกกับรางวัลของท่าน!,Ödülünün tadını çıkar!,Hãy tận hưởng phần thưởng của bạn!,Oto Twoja nagroda!
TID_EVENT_ANIMATION_WOMENSDAY,Happy Women's Day!,عيد مرأة سعيد!,妇女节快乐！,婦女節快樂！,Frohen Internationalen Frauentag!,¡Feliz Día de la Mujer!,روز زن مبارک!,Hyvää naistenpäivää!,Journée des femmes !,Selamat Hari Wanita Sedunia!,Buona Festa della donna!,国際女性デーを祝いましょう！,여성의 날 기념!,Selamat Hari Wanita!,Fijne Vrouwendag!,Gratulerer med kvinnedagen!,Feliz Dia das Mulheres!,С Международным женским днем!,สุขสันต์วันสตรีสากล!,Kadınlar Günü Kutlu Olsun!,Chúc mừng ngày Quốc tế Phụ nữ!,Wszystkiego najlepszego z okazji Dnia Kobiet!
TID_EVENT_ANIMATION_READYFORTH16,Ready for Town Hall 16!,استعد لقاعة المدينة 16!,准备迎接16级大本营！,準備迎接16級大本營！,Bereit für Rathaus-Level 16!,¡Todo listo para el ayuntamiento de nivel 16!,آماده تالار شهر 16 باشید!,Valmiina päärakennuksen tasolle 16!,Prêts pour l'hôtel de ville 16 !,Ayo Sambut Balai Kota 16!,Obiettivo: municipio 16,タウンホール16に備えよう！,마을회관 16을 준비하세요!,Bersedia untuk Dewan Bandaran 16!,Klaar voor stadhuislevel 16!,Klar for rådhus 16!,Pronto para centro da vila 16!,Все для ратуши 16-го уровня!,เตรียมพร้อมรับศาลากลาง 16!,Belediye Binası 16'ya Hazır Ol!,Chuẩn bị sẵn sàng cho Nhà Chính 16!,Wszystko gotowe na ratusz poz. 16!
TID_EVENT_ANIMATION_READYFORTH17,Ready for Town Hall 17!,استعد لقاعة المدينة 17!,准备迎接17级大本营！,準備迎接17級大本營！,Bereit für Rathaus-Level 17!,¡Todo listo para el ayuntamiento de nivel 17!,آماده تالار شهر 17 باشید!,Valmiina päärakennuksen tasolle 17!,Prêts pour l'hôtel de ville 17 !,Ayo Sambut Balai Kota 17!,Obiettivo: municipio 17,タウンホール17に備えよう！,마을회관 17을 준비하세요!,Bersedia untuk Dewan Bandaran 17!,Klaar voor stadhuislevel 17!,Klar for rådhus 17!,Pronto para centro da vila 17!,Все для ратуши 17-го уровня!,เตรียมพร้อมรับศาลากลาง 17!,Belediye Binası 17'ye Hazır Ol!,Chuẩn bị sẵn sàng cho Nhà Chính 17!,Wszystko gotowe na ratusz poz. 17!
TID_EVENT_TITLE_MERGETOWERPACK,Merge Tower Pack,باقة برج الدمج,双塔合并礼包,雙塔合併特惠包,Kombiturm-Paket,Lote de torre fusionada,بسته ادغام بمب,Torninyhdistyspaketti,Pack Fusion de tour,Paket Gabungan Benteng,Pacchetto torre evoluta,タワー合体パック,타워 합체 팩,Pek Menara Gabung,Multi-torenpakket,Kombotårnpakke,Pacote da Torre de Fusão,Набор «Объединение башен»,แพ็คผสานรวมหอคอย,Birleştirme Kule Paketi,Gói tháp kết hợp,Połączony pakiet wieży
TID_EVENT_TITLE_EVENTMEDALS,Event Medals,أوسمة الأحداث,活动奖章,活動幣,Ereignismedaillen,Medallas de evento,مدال‌های رویداد,Tapahtumamitalit,Médailles d'événement,Medali Acara,Medaglie dell'evento,イベントメダル,이벤트 메달,Pingat Acara,Evenementmedailles,Hendelsemedaljer,Medalhas de eventos,Медали события,เหรียญอีเวนท์,Etkinlik Madalyaları,Huy chương sự kiện,Medale z wydarzenia
TID_EVENT_TITLE_COOKIEMEDALS,Cookie Medals,أوسمة الكعك,饼干奖章,餅乾幣,Plätzchen-Medaillen,Medallas de galletas,مدال‌های شیرینی,Keksimitalit,Médailles biscuits,Medali Kue,Medaglie biscotto,クッキーメダル,쿠키 메달,Pingat Biskut,Koekjesmedailles,Småkakemedaljer,Medalhas de biscoito,Медали из печенья,เหรียญคุกกี้,Kurabiye Madalyaları,Huy chương bánh quy,Ciasteczkowe medale
TID_EVENT_TITLE_GETBLACKSMITH,Get Blacksmith,احصل على الحداد,获取铁匠铺,獲取鐵匠鋪,Schmied anheuern,Consigue la herrería,دریافت آهنگر,Hanki ahjo,Recruter un forgeron,Dapatkan Bengkel Pandai Besi,Un fabbro per amico,鍛冶屋をゲット,대장간 프로모션,Dapatkan Tukang Besi,Aanbieding: de smid,Hent smeden,Contrate um ferreiro,Акция для кузницы,สร้างโรงตีเหล็ก,Demirciyi Al,Tuyển thợ rèn,Zdobądź kowala
TID_EVENT_TITLE_UBOFFER,Upgrade Buildings,ترقية المباني,升级建筑,升級建築,Gebäude verbessern,Mejorar edificios,ارتقاء ساختمان‌ها,Päivitä rakennuksia,Améliorer les bâtiments,Tingkatkan Bangunan,Migliora gli edifici,施設のアップグレード,건물 업그레이드,Naik Taraf Bangunan,Gebouwen upgraden,Oppgrader bygninger,Melhore construções,Улучшение зданий,อัปเกรดสิ่งก่อสร้าง,Bina Yükseltmeleri,Nâng cấp công trình,Ulepsz struktury
TID_EVENT_TITLE_UTOFFER,Upgrade Troops,ترقية القوات,升级部队,升級部隊,Truppen verbessern,Mejorar tropas,ارتقاء نیروها,Päivitä joukkoja,Améliorer les troupes,Tingkatkan Peleton,Migliora le truppe,ユニットのアップグレード,유닛 업그레이드,Naik Taraf Askar,Troepen upgraden,Oppgrader tropper,Melhore tropas,Улучшение воинов,อัปเกรดกองกำลัง,Birlik Yükseltmeleri,Nâng cấp binh lính,Ulepsz oddziały
TID_EVENT_TITLE_UHOFFER,Upgrade Heroes,ترقية الأبطال,升级英雄,升級英雄,Helden verbessern,Mejorar héroes,ارتقاء قهرمان‌ها,Päivitä sankareita,Améliorer les héros,Tingkatkan Pahlawan,Migliora gli eroi,ヒーローのアップグレード,영웅 업그레이드,Naik Taraf Wira,Helden upgraden,Oppgrader helter,Melhore heróis,Улучшение героев,อัปเกรดผู้กล้า,Kahraman Yükseltmeleri,Nâng cấp tướng,Ulepsz herosów
TID_EVENT_TITLE_USOFFER,Upgrade Spells,ترقية التعويذات,升级法术,升級法術,Zauber verbessern,Mejorar hechizos,ارتقای طلسم‌ها,Päivitä loitsuja,Améliorer les sorts,Tingkatkan Mantra,Migliora gli incantesimi,呪文のアップグレード,마법 업그레이드,Naik Taraf Sihir,Spreuken upgraden,Oppgrader formler,Melhore feitiços,Улучшение заклинаний,อัปเกรดอาคม,Büyü Yükseltmeleri,Nâng cấp thần chú,Ulepsz zaklęcia
TID_EVENT_TITLE_FTOFFER,Finish them!,أنهها كلها!,立即完成！,立即完成！,Fertig machen!,¡Termínalo todo!,کارشان را تمام کن!,Selvää jälkeä!,Finissez-les !,Ayo selesaikan!,Finiscili!,今すぐ完了しましょう！,업그레이드 완료!,Selesaikannya!,Voltooi ze!,Ta knekken på dem!,Finalize tudo!,Завершение улучшений,จัดการซะ!,Bitime zamanı!,Hạ gục bọn họ!,Dokończ to!
TID_GEAR_RESOURCE_COMMON,Shiny Ore,معدن خام لامع,闪亮矿石,閃光礦石,Glanzerz,Minerales brillantes,سنگ معدن براق,Kimallemalmia,Minerai brillant,Mineral Berkilau,Minerali lucenti,ブルー鉱石,빛나는 광석,Bijih Berkilau,Glanzend erts,Blank malm,Minério azul,Блестящая руда,แร่วิบวับ,Parlak Cevher,Quặng sáng bóng,Błyszcząca ruda
TID_GEAR_RESOURCE_RARE,Glowy Ore,معدن خام متوهج,璀璨矿石,輝光礦石,Glimmerz,Minerales radiantes,سنگ معدن درخشان,Hohtomalmia,Minerai luisant,Mineral Gemilang,Minerali raffinati,パープル鉱石,은은한 광석,Bijih Bercahaya,Glimmend erts,Skinnende malm,Minério brilhante,Сияющая руда,แร่เรืองรอง,Işıltılı Cevher,Quặng lấp lánh,Świecąca ruda
TID_GEAR_RESOURCE_EPIC,Starry Ore,معدن خام نجمي,星辉矿石,星光礦石,Sternenerz,Minerales estelares,سنگ معدن ستاره‌ای,Tähtimalmia,Minerai étoilé,Mineral Astral,Minerali stellari,スター鉱石,반짝이는 광석,Bijih Berbintang,Glinsterend erts,Stjernemalm,Minério estelar,Звездная руда,แร่ประกายดาว,Yıldız Cevher,Quặng ngôi sao,Gwiaździsta ruda
TID_DIAMOND_BUNDLE_TH4,Town Hall 4 Pack,حزمة قاعة المدينة 4,4级大本营礼包,4級大本營特惠包,Paket: Rathaus-Level 4,Lote de ayuntamiento de nivel 4,بسته تالار شهر سطح ۴,Tason 4 päärakennuspaketti,Pack hôtel de ville 4,Paket Balai Kota 4,Pacchetto municipio 4,タウンホール４パック,마을회관 4 팩,Pek Dewan Bandar 4,Stadhuis 4-pakket,Rådhus 4-pakke,Pacote Centro da Vila 4,Набор ратуши 4,แพ็คศาลากลาง 4,Belediye Binası 4 Paketi,Gói Nhà Chính 4,Pakiet ratusza poz. 4.
TID_DIAMOND_BUNDLE_TH5,Town Hall 5 Pack,حزمة قاعة المدينة 5,5级大本营礼包,5級大本營特惠包,Paket: Rathaus-Level 5,Lote de ayuntamiento de nivel 5,بسته تالار شهر سطح ۵,Tason 5 päärakennuspaketti,Pack hôtel de ville 5,Paket Balai Kota 5,Pacchetto municipio 5,タウンホール５パック,마을회관 5 팩,Pek Dewan Bandar 5,Stadhuis 5-pakket,Rådhus 5-pakke,Pacote Centro da Vila 5,Набор ратуши 5,แพ็คศาลากลาง 5,Belediye Binası 5 Paketi,Gói Nhà Chính 5,Pakiet ratusza poz. 5.
TID_DIAMOND_BUNDLE_TH6,Town Hall 6 Pack,حزمة قاعة المدينة 6,6级大本营礼包,6級大本營特惠包,Paket: Rathaus-Level 6,Lote de ayuntamiento de nivel 6,بسته تالار شهر سطح ۶,Tason 6 päärakennuspaketti,Pack hôtel de ville 6,Paket Balai Kota 6,Pacchetto municipio 6,タウンホール６パック,마을회관 6 팩,Pek Dewan Bandar 6,Stadhuis 6-pakket,Rådhus 6-pakke,Pacote Centro da Vila 6,Набор ратуши 6,แพ็คศาลากลาง 6,Belediye Binası 6 Paketi,Gói Nhà Chính 6,Pakiet ratusza poz. 6.
TID_DIAMOND_BUNDLE_TH7,Town Hall 7 Pack,حزمة قاعة المدينة 7,7级大本营礼包,7級大本營特惠包,Paket: Rathaus-Level 7,Lote de ayuntamiento de nivel 7,بسته تالار شهر سطح ۷,Tason 7 päärakennuspaketti,Pack hôtel de ville 7,Paket Balai Kota 7,Pacchetto municipio 7,タウンホール７パック,마을회관 7 팩,Pek Dewan Bandar 7,Stadhuis 7-pakket,Rådhus 7-pakke,Pacote Centro da Vila 7,Набор ратуши 7,แพ็คศาลากลาง 7,Belediye Binası 7 Paketi,Gói Nhà Chính 7,Pakiet ratusza poz. 7.
TID_DIAMOND_BUNDLE_TH8,Town Hall 8 Pack,حزمة قاعة المدينة 8,8级大本营礼包,8級大本營特惠包,Paket: Rathaus-Level 8,Lote de ayuntamiento de nivel 8,بسته تالار شهر سطح ۸,Tason 8 päärakennuspaketti,Pack hôtel de ville 8,Paket Balai Kota 8,Pacchetto municipio 8,タウンホール８パック,마을회관 8 팩,Pek Dewan Bandar 8,Stadhuis 8-pakket,Rådhus 8-pakke,Pacote Centro da Vila 8,Набор ратуши 8,แพ็คศาลากลาง 8,Belediye Binası 8 Paketi,Gói Nhà Chính 8,Pakiet ratusza poz. 8.
TID_DIAMOND_BUNDLE_TH9,Town Hall 9 Pack,حزمة قاعة المدينة 9,9级大本营礼包,9級大本營特惠包,Paket: Rathaus-Level 9,Lote de ayuntamiento de nivel 9,بسته تالار شهر سطح ۹,Tason 9 päärakennuspaketti,Pack hôtel de ville 9,Paket Balai Kota 9,Pacchetto municipio 9,タウンホール９パック,마을회관 9 팩,Pek Dewan Bandar 9,Stadhuis 9-pakket,Rådhus 9-pakke,Pacote Centro da Vila 9,Набор ратуши 9,แพ็คศาลากลาง 9,Belediye Binası 9 Paketi,Gói Nhà Chính 9,Pakiet ratusza poz. 9.
TID_DIAMOND_BUNDLE_TH10,Town Hall 10 Pack,حزمة قاعة المدينة 10,10级大本营礼包,10級大本營特惠包,Paket: Rathaus-Level 10,Lote de ayuntamiento de nivel 10,بسته تالار شهر سطح ۱۰,Tason 10 päärakennuspaketti,Pack hôtel de ville 10,Paket Balai Kota 10,Pacchetto municipio 10,タウンホール１０パック,마을회관 10 팩,Pek Dewan Bandar 10,Stadhuis 10-pakket,Rådhus 10-pakke,Pacote Centro da Vila 10,Набор ратуши 10,แพ็คศาลากลาง 10,Belediye Binası 10 Paketi,Gói Nhà Chính 10,Pakiet ratusza poz. 10.
TID_DIAMOND_BUNDLE_TH11,Town Hall 11 Pack,حزمة قاعة المدينة 11,11级大本营礼包,11級大本營特惠包,Paket: Rathaus-Level 11,Lote de ayuntamiento de nivel 11,بسته تالار شهر سطح ۱۱,Tason 11 päärakennuspaketti,Pack hôtel de ville 11,Paket Balai Kota 11,Pacchetto municipio 11,タウンホール１１パック,마을회관 11 팩,Pek Dewan Bandar 11,Stadhuis 11-pakket,Rådhus 11-pakke,Pacote Centro da Vila 11,Набор ратуши 11,แพ็คศาลากลาง 11,Belediye Binası 11 Paketi,Gói Nhà Chính 11,Pakiet ratusza poz. 11.
TID_DIAMOND_BUNDLE_TH12,Town Hall 12 Pack,مجموعة قاعة المدينة 12,12级大本营礼包,12級大本營特惠包,Paket: Rathaus-Level 12,Lote de ayuntamiento de nivel 12,بسته تالار شهر 12,Tason 12 päärakennuspaketti,Pack hôtel de ville 12,Paket Balai Kota 12,Pacchetto municipio 12,タウンホール12パック,마을회관 12 팩,Pek Dewan Bandaran 12,Stadhuis 12-pakket,Rådhus 12-pakke,Pacote Centro da Vila 12,Набор ратуши 12,แพ็คศาลากลางเลเวล 12,12. Belediye Binası Paketi,Gói Nhà Chính 12,Pakiet ratusza poz. 12.
TID_DIAMOND_BUNDLE_TH13,Town Hall 13 Pack,مجموعة قاعة المدينة 13,13级大本营礼包,13級大本營特惠包,Paket: Rathaus-Level 13,Lote de ayuntamiento de nivel 13,بسته تالار شهر 13,Tason 13 päärakennuspaketti,Pack hôtel de ville 13,Paket Balai Kota 13,Pacchetto municipio 13,タウンホール13パック,마을회관 13 팩,Pek Dewan Bandaran 13,Stadhuis 13-pakket,Rådhus 13-pakke,Pacote centro da vila 13,Набор ратуши 13,แพ็คศาลากลางเลเวล 13,13. Belediye Binası Paketi,Gói Nhà Chính 13,Pakiet ratusza poz. 13.
TID_DIAMOND_BUNDLE_TH14,Town Hall 14 Pack,مجموعة قاعة المدينة 14,14级大本营礼包,14級大本營特惠包,Paket: Rathaus-Level 14,Lote de ayuntamiento de nivel 14,بسته تالار شهر ۱۴,Tason 14 päärakennuspaketti,Pack hôtel de ville 14,Paket Balai Kota 14,Pacchetto municipio 14,タウンホール14パック,마을회관 14 팩,Pek Dewan Bandaran 14,Stadhuis 14-pakket,Rådhus 14-pakke,Pacote centro da vila 14,Набор ратуши 14,แพ็คศาลากลางเลเวล 14,14. Belediye Binası Paketi,Gói Nhà Chính 14,Pakiet ratusza poz. 14.
TID_DIAMOND_BUNDLE_TH15,Town Hall 15 Pack,مجموعة قاعة المدينة 15,15级大本营礼包,15級大本營特惠包,Paket: Rathaus-Level 15,Lote de ayuntamiento de nivel 15,بسته تالار شهر 15,Tason 15 päärakennuspaketti,Pack hôtel de ville 15,Paket Balai Kota 15,Pacchetto municipio 15,タウンホール15パック,마을회관 15 팩,Pek Dewan Bandaran 15,Stadhuis 15-pakket,Rådhus 15-pakke,Pacote centro da vila 15,Набор ратуши 15,แพ็คศาลากลางเลเวล 15,15. Belediye Binası Paketi,Gói Nhà Chính 15,Pakiet ratusza poz. 15.
TID_EVENT_TITLE_TH16PACK,Town Hall 16 Pack,باقة قاعة المدينة 16,16级大本营礼包,16級大本營特惠包,Paket: Rathaus-Level 16,Lote de ayuntamiento de nivel 16,بسته تالار شهر 16,Tason 16 päärakennuspaketti,Pack Hôtel de ville 16,Paket Balai Kota 16,Pacchetto municipio 16,タウンホール16パック,마을회관 16 팩,Pek Dewan Bandaran 16,Stadhuis 16-pakket,Rådhus 16-pakke,Pacote centro da vila 16,Набор ратуши 16,แพ็คศาลากลางเลเวล 16,Belediye Binası 16 Paketi,Gói Nhà Chính 16,Pakiet ratusza poz. 16.
TID_EVENT_TITLE_TH17PACK,Town Hall 17 Pack,باقة قاعة المدينة 17,17级大本营礼包,17級大本營特惠包,Paket: Rathaus-Level 17,Lote de ayuntamiento de nivel 17,بسته تالار شهر 17,Tason 17 päärakennuspaketti,Pack Hôtel de ville 17,Paket Balai Kota 17,Pacchetto municipio 17,タウンホール17パック,마을회관 17 팩,Pek Dewan Bandaran 17,Stadhuis 17-pakket,Rådhus 17-pakke,Pacote centro da vila 17,Набор ратуши 17,แพ็คศาลากลางเลเวล 17,Belediye Binası 17 Paketi,Gói Nhà Chính 17,Pakiet ratusza poz. 17.
TID_DIAMOND_BUNDLE_BH9_ALT,Champion Builder Pack,مجموعة البنّاء البطل,建筑大师基地辉煌礼包,建築大師基地輝煌特惠包,Champion-Bauarbeiterpaket,Lote de campeón de constructores,بسته سازنده قهرمان,Voittajan rakentajapaketti,Pack ouvrier de compétition,Paket Tukang Juara,Pacchetto costruttore campione,無敵の拠点パック,챔피언 장인 팩,Pek Juara Pembina,Kampioenbouwerpakket,Byggepakke for vinnere,Pacote do construtor campeão,Набор строителя для чемпиона,แพ็คช่างก่อสร้างแชมเปียน,Yüce İnşaatçı Paketi,Gói Thợ xây Vô địch,Pakiet Budowniczego-czempiona
TID_DIAMOND_BUNDLE_BH3,Builder Hall 3 Pack,حزمة قاعة البنّاء 3,3级建筑大师大本营礼包,3級建築大師大本營特惠包,Paket: Meisterhütte 3,Lote de taller del constructor de nivel 3,بسته تالار سازنده سطح 3,Rakentajan talon paketti 3,Pack Maison des ouvriers 3,Paket Aula Tukang 3,Pacchetto sala del costruttore 3,ビルダーホール3パック,장인회관 3 팩,Pek Dewan Pembina 3,Bouwerszaal 3-pakket,Byggerens hall 3-pakke,Pacote Casa do Construtor 3,Набор дома строителя 3,แพ็คหอช่างก่อสร้าง 3,İnşaatçı Binası 3 Paketi,Gói Hội trường Thợ xây 3,Pakiet pracowni 3
TID_DIAMOND_BUNDLE_BH4,Builder Hall 4 Pack,حزمة قاعة البنّاء 4,4级建筑大师大本营礼包,4級建築大師大本營特惠包,Paket: Meisterhütte 4,Lote de taller del constructor de nivel 4,بسته تالار سازنده سطح 4,Rakentajan talon paketti 4,Pack Maison des ouvriers 4,Paket Aula Tukang 4,Pacchetto sala del costruttore 4,ビルダーホール4パック,장인회관 4 팩,Pek Dewan Pembina 4,Bouwerszaal 4-pakket,Byggerens hall 4-pakke,Pacote Casa do Construtor 4,Набор дома строителя 4,แพ็คหอช่างก่อสร้าง 4,İnşaatçı Binası 4 Paketi,Gói Hội trường Thợ xây 4,Pakiet Pracowni 4
TID_DIAMOND_BUNDLE_BH5,Builder Hall 5 Pack,حزمة قاعة البنّاء 5,5级建筑大师大本营礼包,5級建築大師大本營特惠包,Paket: Meisterhütte 5,Lote de taller del constructor de nivel 5,بسته تالار سازنده سطح 5,Rakentajan talon paketti 5,Pack Maison des ouvriers 5,Paket Aula Tukang 5,Pacchetto sala del costruttore 5,ビルダーホール5パック,장인회관 5 팩,Pek Dewan Pembina 5,Bouwerszaal 5-pakket,Byggerens hall 5-pakke,Pacote Casa do Construtor 5,Набор дома строителя 5,แพ็คหอช่างก่อสร้าง 5,İnşaatçı Binası 5 Paketi,Gói Hội trường Thợ xây 5,Pakiet Pracowni 5
TID_DIAMOND_BUNDLE_BH6,Builder Hall 6 Pack,حزمة قاعة البنّاء 6,6级建筑大师大本营礼包,6級建築大師大本營特惠包,Paket: Meisterhütte 6,Lote de taller del constructor de nivel 6,بسته تالار سازنده سطح 6,Rakentajan talon paketti 6,Pack Maison des ouvriers 6,Paket Aula Tukang 6,Pacchetto sala del costruttore 6,ビルダーホール6パック,장인회관 6 팩,Pek Dewan Pembina 6,Bouwerszaal 6-pakket,Byggerens hall 6-pakke,Pacote Casa do Construtor 6,Набор дома строителя 6,แพ็คหอช่างก่อสร้าง 6,İnşaatçı Binası 6 Paketi,Gói Hội trường Thợ xây 6,Pakiet Pracowni 6
TID_DIAMOND_BUNDLE_BH7,Builder Hall 7 Pack,حزمة قاعة البنّاء 7,7级建筑大师大本营礼包,7級建築大師大本營特惠包,Paket: Meisterhütte 7,Lote de taller del constructor de nivel 7,بسته تالار سازنده سطح 7,Rakentajan talon paketti 7,Pack Maison des ouvriers 7,Paket Aula Tukang 7,Pacchetto sala del costruttore 7,ビルダーホール7パック,장인회관 7 팩,Pek Dewan Pembina 7,Bouwerszaal 7-pakket,Byggerens hall 7-pakke,Pacote Casa do Construtor 7,Набор дома строителя 7,แพ็คหอช่างก่อสร้าง 7,İnşaatçı Binası 7 Paketi,Gói Hội trường Thợ xây 7,Pakiet Pracowni 7
TID_DIAMOND_BUNDLE_BH8,Builder Hall 8 Pack,حزمة قاعة البنّاء 8,8级建筑大师大本营礼包,8級建築大師大本營特惠包,Paket: Meisterhütte 8,Lote de taller del constructor de nivel 8,بسته تالار سازنده سطح 8,Rakentajan talon paketti 8,Pack Maison des ouvriers 8,Paket Aula Tukang 8,Pacchetto sala del costruttore 8,ビルダーホール8パック,장인회관 8 팩,Pek Dewan Pembina 8,Bouwerszaal 8-pakket,Byggerens hall 8-pakke,Pacote Casa do Construtor 8,Набор дома строителя 8,แพ็คหอช่างก่อสร้าง 8,İnşaatçı Binası 8 Paketi,Gói Hội trường Thợ xây 8,Pakiet Pracowni 8
TID_DIAMOND_PACK_PILE,Pile of Gems,مجموعة جواهر,一小堆宝石,一小堆寶石,Juwelenhaufen,Pila de gemas,توده‌ای از جواهر,Jalokivikeko,Tas de gemmes,Tumpukan Permata,Pila di gemme,ひとにぎりのエメラルド,보석 더미,Timbunan Permata,Stapel edelstenen,Haug med juveler,Pilha de Gemas,Горсть кристаллов,กองอัญมณี,Taş Yığını,Đống Ngọc,Stos klejnotów
TID_DIAMOND_PACK_BAG,Bag of Gems,حقيبة جواهر,一小袋宝石,一小袋寶石,Juwelenbeutel,Bolsa de gemas,کیسه‌ای از جواهر,Jalokivipussi,Bourse de gemmes,Kantong Permata,Borsa di gemme,エメラルドの小袋,보석 가방,Beg Permata,Zak edelstenen,Pose med juveler,Bolsa de Gemas,Мешок кристаллов,ถุงอัญมณี,Taş Torbası,Túi Ngọc,Wór klejnotów
TID_DIAMOND_PACK_SACK,Sack of Gems,كيس جواهر,一麻袋宝石,一大袋寶石,Juwelensack,Saco de gemas,ساکی از جواهر,Jalokivisäkki,Sac de gemmes,Karung Permata,Sacco di gemme,エメラルドの大袋,보석 자루,Guni Permata,Buidel edelstenen,Sekk med juveler,Saco de Gemas,Куль кристаллов,กระสอบอัญมณี,Taş Çuvalı,Bao Ngọc,Sakiewka klejnotów
TID_DIAMOND_PACK_BOX,Box of Gems,علبة جواهر,一小箱宝石,一小箱寶石,Juwelenkiste,Caja de gemas,جعبه‌ای از جواهر,Jalokivilaatikko,Caisse de gemmes,Kotak Permata,Scatola di gemme,エメラルドの箱,보석 상자,Kotak Permata,Krat edelstenen,Eske med juveler,Caixa de Gemas,Ящик кристаллов,กล่องอัญมณี,Taş Kutusu,Tráp Ngọc,Pudło klejnotów
TID_DIAMOND_PACK_CHEST,Chest of Gems,صندوق جواهر,一大箱宝石,一大箱寶石,Juwelentruhe,Cofre de gemas,صندوق جواهرات,Jalokiviarkku,Coffre de gemmes,Peti Permata,Cassa di gemme,エメラルドの宝箱,보석 금고,Peti Permata,Bak edelstenen,Kiste med juveler,Baú de Gemas,Сундук кристаллов,หีบอัญมณี,Taş Sandığı,Hòm Ngọc,Skrzynia klejnotów
TID_DIAMOND_PACK_POCKET,Pocketful of Gems,ملء جيب من الجواهر,一捧宝石,一小包寶石,Juwelentasche,Puñado de gemas,یک جیب پر از جواهر,Taskullinen jalokiviä,Poignée de gemmes,Saku Penuh Permata,Manciata di gemme,ひとつまみのエメラルド,보석 한 줌,Saku Penuh Permata,Handjevol edelstenen,En håndfull juveler,Punhado de Gemas,Кошель кристаллов,กระเป๋าอัญมณี,Bir Cep Dolusu Taş,Nắm Ngọc,Garść klejnotów
TID_DIAMOND_PACK_STORAGE,Storage of Gems,مخزون الجواهر,一仓库宝石,一倉庫寶石,Juwelenlager,Almacén de gemas,مخزن جواهر,Jalokivivarasto,Stock de gemmes,Segudang Permata,Deposito di gemme,エメラルドの宝庫,보석 저장소,Penyimpanan Permata,Opslag van edelstenen,Juvellagring,Depósito de gemas,Хранилище с кристаллами,คลังอัญมณี,Taş Deposu,Kho chứa Ngọc,Magazyn klejnotów
TID_DIAMOND_PACK_BOWL,Bowl of Gems,وعاء جواهر,一碗宝石,一碗寶石,Juwelenschüssel,Bol de gemas,ظرفی از جواهر,Jalokivikulho,Bol de gemmes,Mangkuk Penuh Permata,Ciotola di gemme,エメラルドの皿,보석 그릇,Semangkuk Permata,Schaal edelstenen,Bolle med juveler,Bandeja de gemas,Чаша кристаллов,ชามอัญมณี,Taş Kâsesi,Bát Ngọc,Misa klejnotów
TID_DIAMOND_PACK_HELM,Helm of Gems,خوذة جواهر,一头盔宝石,一頭盔寶石,Juwelenhelm,Casco de gemas,کلاهخودی از جواهر,Jalokivikypärä,Heaume de gemmes,Helm Penuh Permata,Elmo con gemme,エメラルドの兜,보석 투구,Topi Besi Permata,Helm edelstenen,Hjelm med juveler,Capacete de gemas,Шлем кристаллов,หมวกเหล็กอัญมณี,Taş Miğferi,Mũ giáp Ngọc,Hełm klejnotów
TID_DIWALI_2024,Festival Lantern,فانوس المهرجان,节日彩绘灯,節日彩繪燈,Festlaterne,Linterna de festival,فانوس جشنواره,Juhlalyhty,Lanterne du Festival,Lentera Festival,Lanterna della festa,七色のランタン,축제 등불,Pesta Lantera,Festivallantaarn,Festivallykt,Lanterna de festival,Фестивальный фонарь,โคมไฟงานเทศกาล,Festival Feneri,Đèn lồng lễ hội,Festiwalowa latarnia
TID_EVENT_TITLE_HAPPYCLASHOWEEN,Happy Clash-O-Ween!,احتفال Clash-O-Ween سعيد!,Clash万圣节快乐！,Clash萬聖節快樂！,Frohes Clash-o-ween!,¡Feliz Clash-O-Ween!,کلش‌وین مبارک!,Hauskaa Clashin halloweenia!,Joyeux Clash-O-Ween !,Clash-O-Ween Meriah!,Buon Clash-O-Ween!,ハッピークラッシュウィン！,즐거운 클래시 할로윈 되세요!,Selamat Clash-O-Ween!,Fijne Clash-O-Ween!,Gledelig clash-o-ween!,Feliz Halloween do Clash!,Празднуем Clash-Хеллоуин!,สุขสันต์ Clash-O-Ween!,Clash-O-Ween Kutlu Olsun!,Halloween Clash vui vẻ!,Wesołego clash-o-ween!
TID_EVENT_WORLDCHAMPOFFER,World Championship Offer,عرض بطولة العالم,全球锦标赛特惠,全球錦標賽特惠,World-Championship-Angebot,Oferta del campeonato mundial,پیشنهاد قهرمانی جهان,Maailmanmestaruustarjous,Offre du Championnat du monde,Penawaran Kejuaraan Dunia,Offerta per il Torneo mondiale,世界選手権セール,월드 챔피언십 특별 상품,Tawaran Kejuaraan Dunia,Wereldkampioenschapsaanbieding,World Championship-tilbud,Oferta do Mundial,Акция к Чемпионату мира,ข้อเสนอศึกชิงแชมป์โลก,Dünya Şampiyonası Teklifi,Ưu đãi Giải Vô địch Thế giới,Oferta z okazji mistrzostw świata
TID_CHAINOFFER_DESCRIPTION,Each step you claim unlocks the next!,كل خطوة تطالب بعناصرها تفتح التالية!,每领取一级即可解锁下一级！,每領取一階就會解鎖下一階！,"Fordere eine Belohnung ein, um die nächste Stufe freizuschalten!",Cada oferta que reclames desbloqueará la siguiente.,هر مرحله‌ای که مطالبه می‌کنید، قفل بعدی را باز می‌کند!,Jokainen lunastamasi etappi avaa seuraavan!,Chaque palier récupéré en débloque un autre !,Klaim item untuk membuka tahap selanjutnya!,Ogni offerta che ritiri sblocca la seguente!,回収するたびに次のアイテムがアンロック！,아이템을 받을 때마다 다음 단계가 잠금 해제됩니다!,Setiap item dituntut akan membuka peringkat seterusnya!,"Met elke stap die je claimt, ontgrendel je de volgende!","For hvert trinn du innkasserer, låses det opp et nytt!",Cada nível desbloqueado libera o próximo!,"Получив награды за этап, вы разблокируете следующий!",ไอเท็มแต่ละขั้นที่คุณกดรับจะปลดล็อคขั้นต่อไป!,Ulaştığınız her adım bir sonrakini açar!,"Sau khi nhận vật phẩm ở một bậc, bạn sẽ mở khóa bậc tiếp theo!",Każdy odebrany etap odblokowuje kolejny.
TID_OFFER_TITLE_BUILDERREFRESH,Builder Refresh,دعم البنّاء,建筑工人加速,建築工人加速,Bauarbeiterauffrischung,Alijo del constructor,تازه‌سازی سازنده,Rakentajan virkistyshetki,Rafraîchissement ouvrier,Tukang Sehat,Tonico del costruttore,大工のリフレッシュ,장인 리프레시,Segar Semula Pembina,Frisse bouwvakker,Byggeroppdatering,Construindo sem parar,Бодрость строителя,ช่างก่อสร้างรีเฟรช,İnşaatçı Yenilemesi,Nước tăng lực cho thợ xây,Budowniczy jak nowy
TID_OFFER_DESC_BUILDERREFRESH2,"This Clash Store exclusive offer provides an extra supply of Builder Potions, refreshing every other day throughout the duration of Hammer Jam! Happy building!",يقدم هذا العرض الحصري من محل Clash of Clans إمدادات إضافية من جرعات البنّاء، تتجدد كل يومين طوال مدة Hammer Jam. استمتع ببناء سعيد!,该部落冲突商城专属特惠提供额外的建筑工人药水。整个夯木节期间，该特惠每隔一天刷新一次！建造快乐！,該部落衝突商店專屬特惠提供額外的建築工人藥水。整個狂歡升級嘉年華期間，該特惠每隔一天刷新一次！快樂建造！,"Dieses exklusive Clash Store-Angebot versorgt dich mit einem zusätzlichen Vorrat an Bauarbeitertränken, der während der gesamten Hammerparty jeden zweiten Tag aufgefrischt wird! Fröhliches Bauen!","Consigue un suministro extra de pócimas del constructor gracias a esta oferta exclusiva del Store de Clash of Clans, que se renueva cada dos días durante toda la Martillomanía. ¡Hora de ponerse manos a la obra!",این پیشنهاد انحصاری فروشگاه Clash یک منبع اضافی از معجون‌های سازنده را فراهم می‌کند که یک‌روز در میان در طول مدت رویداد «چکش‌کاری فشرده» تازه‌سازی می‌شود! ساختمان مبارک!,Tämä Clash of Clans -kaupan erikoistarjous sisältää ylimääräisiä rakentajan rohtoja. Se päivittyy joka toinen päivä Hammer Jam -tapahtuman ajan! Rakentamisen iloa!,Cette offre exclusive du Store Clash apporte plus de potions de l'ouvrier et se réinitialise tous les deux jours pendant la Convention des marteaux ! Bonne construction !,Penawaran eksklusif Lapak Clash of Clans ini akan menawarkan suplai ekstra Ramuan Tukang yang akan disegarkan setiap dua hari selama Hammer Jam berlangsung! Ayo membangun!,"Fai scorta di pozioni del costruttore con questa offerta esclusiva dello Store di Clash, che si rinnova ogni due giorni per tutta la durata dell'evento ''Qui si batte chiodo''. Buon lavoro!",このクラッシュストア限定セールでは大工ポーションが追加で手に入ります。建設ラッシュ中、セールは2日ごとに更新されます！ハッピー建設ライフ！,이 클래시 스토어 한정 특별 상품은 장인 포션을 추가로 제공합니다. 해머잼 이벤트 동안 2일마다 특별 상품이 새로고침 됩니다! 즐거운 건물 건설되세요!,"Tawaran eksklusif Kedai Clash ini memberi bekala tambahan Posyen Pembina, segar semula setiap dua hari sepanjang tempoh Hammer Jam! Selamat membina!",Deze exclusieve aanbieding van de Clash Shop geeft je een extra voorraad bouwvakkersdrankjes die om de twee dagen wordt vernieuwd tijdens Hammer Jam! Veel plezier met bouwen!,Dette eksklusive tilbudet fra Clash-butikken gir deg ekstra forsyninger med byggerens drikk. Det oppdateres annenhver dag så lenge Hammer Jam varer! Kos deg med byggingen!,"Esta oferta exclusiva da loja do Clash concede poções do construtor extras, que são renovadas a cada dois dias durante a Martelofolia! Trabalhando feliz!",Эта эксклюзивная акция магазина Clash of Clans содержит дополнительные зелья строителя и будет обновляться каждый второй день на протяжении события Hammer Jam. Удачи со строительством!,ข้อเสนอพิเศษสโตร์ Clash นี้จะมอบน้ำยาช่างก่อสร้างเพิ่มให้อีกหนึ่งขวด โดยจะรีเฟรชทุกวันเว้นวันตลอดระยะเวลาของ Hammer Jam! ก่อสร้างแสนสุข!,"Clash mağazasına özel bu teklifte ekstra İnşaatçı İksirleri var. Ayrıca bu teklif, Çekiç Vakti boyunca iki günde bir yenileniyor! Keyifli inşaatlar dileriz!","Ưu đãi độc quyền này của Cửa hàng Clash sẽ cung cấp thêm nguồn Thuốc Thợ xây cho bạn, đồng thời, ưu đãi này sẽ được cập nhật hai ngày một lần trong suốt thời gian diễn ra sự kiện Hammer Jam! Xây dựng vui vẻ!",Ta ekskluzywna oferta w sklepie Clash zapewnia dodatkowe mikstury Budowniczego. Odświeża się co drugi dzień w czasie trwania Hammer Jam. Udanego budowania!
TID_OFFER_DESC_BUILDERREFRESH4,"This Clash Store exclusive offer provides an extra supply of Builder Potions, refreshing every four days throughout the duration of Hammer Jam! Happy building!",يقدم هذا العرض الحصري من محل Clash of Clans إمدادات إضافية من جرعات البنّاء، تتجدد كل أربعة أيام طوال مدة Hammer Jam. استمتع ببناء سعيد!,该部落冲突商城专属特惠提供额外的建筑工人药水。整个夯木节期间，该特惠每隔四天刷新一次！建造快乐！,該部落衝突商店專屬特惠提供額外的建築工人藥水。整個狂歡升級嘉年華期間，該特惠每隔四天刷新一次！快樂建造！,"Dieses exklusive Clash Store-Angebot versorgt dich mit einem zusätzlichen Vorrat an Bauarbeitertränken, der während der gesamten Hammerparty jeden vierten Tag aufgefrischt wird! Fröhliches Bauen!","Consigue un suministro extra de pócimas del constructor gracias a esta oferta exclusiva del Store de Clash of Clans, que se renueva cada cuatro días durante toda la Martillomanía. ¡Hora de ponerse manos a la obra!",این پیشنهاد انحصاری فروشگاه Clash یک منبع اضافی از معجون‌های سازنده را فراهم می‌کند که هر چهار روز در طول مدت رویداد «چکش‌کاری فشرده» تازه‌سازی می‌شود! ساختمان مبارک!,Tämä Clash of Clans -kaupan erikoistarjous sisältää ylimääräisiä rakentajan rohtoja. Se päivittyy neljän päivän välein Hammer Jam -tapahtuman ajan! Rakentamisen iloa!,Cette offre exclusive du Store Clash apporte plus de potions de l'ouvrier et se réinitialise tous les quatre jours pendant la Convention des marteaux ! Bonne construction !,Penawaran eksklusif Lapak Clash of Clans ini akan menawarkan suplai ekstra Ramuan Tukang yang akan disegarkan setiap empat hari selama Hammer Jam berlangsung! Ayo membangun!,"Fai scorta di pozioni del costruttore con questa offerta esclusiva dello Store di Clash, che si rinnova ogni quattro giorni per tutta la durata dell'evento ''Qui si batte chiodo''. Buon lavoro!",このクラッシュストア限定セールでは大工ポーションが追加で手に入ります。建設ラッシュ中、セールは4日ごとに更新されます！ハッピー建設ライフ！,이 클래시 스토어 한정 특별 상품은 장인 포션을 추가로 제공합니다. 해머잼 이벤트 동안 4일마다 특별 상품이 새로고침 됩니다! 즐거운 건물 건설되세요!,"Tawaran eksklusif Kedai Clash ini memberi bekala tambahan Posyen Pembina, segar semula setiap empat hari sepanjang tempoh Hammer Jam! Selamat membina!",Deze exclusieve aanbieding van de Clash Shop geeft je een extra voorraad bouwvakkersdrankjes die om de vier dagen wordt vernieuwd tijdens Hammer Jam! Veel plezier met bouwen!,Dette eksklusive tilbudet fra Clash-butikken gir deg ekstra forsyninger med byggerens drikk. Det oppdateres hver fjerde dag så lenge Hammer Jam varer! Kos deg med byggingen!,"Esta oferta exclusiva da loja do Clash concede poções do construtor extras, que são renovadas a cada quatro dias durante a Martelofolia! Trabalhando feliz!",Эта эксклюзивная акция магазина Clash of Clans содержит дополнительные зелья строителя и будет обновляться каждые четыре дня на протяжении события Hammer Jam. Удачи со строительством!,ข้อเสนอพิเศษสโตร์ Clash นี้จะมอบน้ำยาช่างก่อสร้างเพิ่มให้อีกหนึ่งขวด โดยจะรีเฟรชทุกสี่วันตลอดระยะเวลาของ Hammer Jam! ก่อสร้างแสนสุข!,"Clash mağazasına özel bu teklifte ekstra İnşaatçı İksirleri var. Ayrıca bu teklif, Çekiç Vakti boyunca dört günde bir yenileniyor! Keyifli inşaatlar dileriz!","Ưu đãi độc quyền này của Cửa hàng Clash sẽ cung cấp thêm nguồn Thuốc Thợ xây cho bạn, đồng thời, ưu đãi này sẽ được cập nhật bốn ngày một lần trong suốt thời gian diễn ra sự kiện Hammer Jam! Xây dựng vui vẻ!",Ta ekskluzywna oferta w sklepie Clash zapewnia dodatkowe mikstury Budowniczego. Odświeża się co cztery dni w czasie trwania Hammer Jam. Udanego budowania!
TID_OFFER_TITLE_CHIEFBARGAIN,Chief's Bargain,صفقة الزعيم,首领特价,首領特價,Häuptlingsangebot,Ganga del jefe,تخفیف رئیس,Päällikön tarjous,Aubaine du chef,Penawaran untuk Sang Chief,Offerta del capo,チーフのバーゲン,대장님의 할인,Tawaran Ketua,Chiefs koopje,Høvdingens kupp,Barganha de chefe,Выгода вождя,การต่อรองของหัวหน้า,Şefin İndirimi,Giá ưu đãi cho Chỉ huy,Okazja dla Wodza
TID_OFFER_TITLE_SWEETPRICE,Sweet Price,السعر الممتاز,真香特惠,真香特惠,Schnäppchenpreis,Oferta suculenta,قیمت دلچسب,Pientä hyvää,Prix doux,Harga Manis,Offerta invitante,甘い割引,달콤한 가격,Harga Hebat,Scherpe prijs,Søt pris,Precinho camarada,Приятная цена,ราคาหวานฉ่ำ,Güzel Fiyat,Giá rẻ bất ngờ,Wymarzona cena
TID_OFFER_TITLE_MINIDEAL,Mini Deal,الصفقة الصغيرة,迷你折扣,迷你折扣,Minideal,Minioferta,معامله کوچک,Minidiili,Mini prix,Penawaran Mini,Miniofferta,ミニセール,미니 특가,Tawaran Mini,Mini-deal,Minitilbud,Minioferta,Мини-выгода,มินิดีล,Mini Teklif,Ưu đãi nhỏ,Miniokazja
TID_OFFER_TITLE_MIGHTYVALUE,Mighty Value,القيمة العظيمة,超值优惠,超值優惠,Mega-Wertvorteil,Superoferta,ارزش فوق‌العاده,Huippuarvo,Inestimable,Untung Perkasa,Grande occasione,超ド級特価,마이티 가성비,Nilai Besar,Machtig voordeel,Stort tilbud,Mega em conta,Серьезная выгода,คุ้มค่าสุดพลัง,Harika Fırsat,Giá trị khủng,Megaokazja
TID_OFFER_TITLE_GIGASAVER,Giga Saver,التوفير الضخم,惊喜钜惠,驚喜鉅惠,Gigantisches Sparangebot,Megaoferta,صرفه‌جویی خفن,Pelkkää säästöä,Giga affaire,Hemat Giga,Superoccasione,ギガセール,기가 세이버,Penjimat Giga,Giga-deal,Gigasparing,Economia gigante,Мегавыгода,คุ้มสุดยอด,Büyük Kazanç,Siêu tiết kiệm,Oszczędzanie pełną parą
TID_OFFER_TITLE_GIANTDEAL,Giant Deal,الصفقة العملاقة,超级钜惠,超級鉅惠,Riesendeal,Oferta colosal,اَبَرمعامله,Jättidiili,Grosse aubaine,Penawaran Raksasa,Affarone,ジャイアントセール,자이언트 핫딜,Tawaran Gergasi,Reuzendeal,Giganttilbud,Oferta gigantesca,Гигавыгода,ดีลยักษ์,Dev Teklif,Ưu đãi khủng,Megaoferta
TID_OFFER_TITLE_SHORTSHIFT,Short Shift,المناوبة القصيرة,省时助力,省時省力,Schnelleres Bauen,Construcción acelerada,شیفت کوتاه,Pikavuoro,Heures sup,Shift Pendek,Costruzioni accelerate,アップグレードのススメ,적은 노동,Pembinaan Laju,Snelle klus,Kort skift,Construção ligeira,Ударная смена,กะสั้น,Kolay Yükseltme,Ca làm việc ngắn,Szybka zmiana
TID_OFFER_TITLE_BUILDERSDELIGHT,Builder's Delight,فرحة البنّاء,建造之乐,建造之樂,Bauarbeiterfreude,Sueño del constructor,سرخوشی سازنده,Rakentajan riemu,Ouvriers actifs,Kegembiraan Tukang,Costruttori all'opera,大工のねぎらい,장인의 보람,Kegembiraan Pembina,Bouwgenot,Byggerens fryd,Alegria de construtor,Радость строителя,ความสุขของช่างก่อสร้าง,İnşaatçının Keyfi,Niềm vui của Thợ xây,Zachwycenie Budowniczego
TID_OFFER_TITLE_TROOPTOPUP,Troop Top Up,تعبئة القوات,战力升级,戰力升級,Truppenverbesserung,Tropas talentosas,تجدید قوای نیروها,Joukkojuhlat,Cours du soir,Bangun Ulang Peleton,Aiuti alle truppe,ユニットフィーバー,유닛 강화,Peningkatan Askar,Troepenboost,Troppepåfyll,Trazendo tropas,Продвижение по службе,เติมกองทัพ,Birlik Fırsatı,Nâng cấp binh lính,Doładowanie oddziałów
TID_OFFER_TITLE_ARMYASSISTER,Army Assister,دعم الجيش,军队助手,軍隊助手,Armee-Assistenz,Asistencia militar,ارتش‌یار,Armeijan avustaja,Coach personnel,Bala Bantuan Tentara,Assistenza militare,部隊応援セール,군대 보조,Bantuan Tentera,Legerversterking,Hærassistent,Assistência militar,Армейская поставка,ผู้ช่วยกองทัพ,Ordu Geliştirme,Hỗ trợ đội quân,Wspomaganie wojska
TID_OFFER_TITLE_SPELLITOUT,Spell It Out,فورة التعويذات,法术狂欢,法術狂歡,Zauberhaft,Oferta hechizante,طلسم زبان بشکن,Loitsulinko,Sort-is de nulle part,Koleksi Mantra,Offerta incantevole,スペルフィーバー,마법 강화,Sumber Sihir,Spreuksupplement,Formel 1,Esbanjando feitiços,Сильная магия,ร่ายอาคม,Büyü Fırsatı,Nâng cấp Thần chú,Zaklinanie
TID_OFFER_TITLE_QUICKBREW,Quick Brew,التحضير السريع,法力大增,法力大增,Schnelleres Brauen,Oferta mágica,معجون سریع,Pikapullo,Chaudron dernier cri,Ramuan Kilat,Offerta magica,呪文のススメ,빠른 제조,Bru Panas,Gauw gebrouwen,Hurtigdrikk,Feitiço a jato,Волшебная скороварка,อาคมสูตรปุรงด่วน,Hızlı Üretim,Luyện chú nhanh,Szybki wywar
TID_OFFER_TITLE_HEROICFORCE,Heroic Force,القوة البطولية,英雄之力,英雄之力,Heldenkraft,Fuerza heroica,نیروی قهرمانانه,Sankarien voima,Force héroïque,Kekuatan Heroik,Potere agli eroi,英雄の力,영웅적인 힘,Kekuatan Wira,Heldenkracht,Heroisk styrke,Força heroica,Героическая сила,พลังแห่งผู้กล้า,Kahraman Gücü,Lực lượng anh hùng,Heroiczna siła
TID_OFFER_TITLE_HEROHELPER,Hero Helper,مساعد الأبطال,英雄强援,英雄強援,Heldenhelfer,Ayuda heroica,یاور قهرمان,Sankarien avustaja,Assistant de héros,Pendamping Pahlawan,Assistenza eroica,ヒーローヘルパー,영웅 도우미,Pembantu Wira,Heldenhulp,Heltehjelper,Empurrão herói,Помощь героям,ผู้ช่วยผู้กล้า,Kahraman Fırsatı,Hỗ trợ Tướng,Pomocnik herosa
TID_OFFER_TITLE_SWEETTREATS,Sweet Treats,المكافآت اللذيذة,香甜点心,香甜點心,Köstliche Leckerlis,Compañero fiel,خوراکی‌های شیرین,Herkkukori,Friandises,Kudapan Manis,Un famiglio per amico,スイート・スイーツ,달콤한 간식,Kudapan Manis,Zoete traktaties,Søte godsaker,Petisco pros pets,Вкусное угощение,ขนมหอมหวาน,Leziz Mamalar,Ưu đãi ngọt ngào,Słodkości
TID_OFFER_TITLE_PETPLUS,Pet Plus,تغذية الحيوانات,进阶战宠,進階戰寵,Begleiter Plus,Amistad animal,ارتقای حیوان خانگی,Lemmikkilisä,Donne la patte,Layanan Hewan,Famigli alla riscossa,ペットプラス,펫 플러스,Peningkatan Haiwan,Dierenboost,Kjæledyr+,Mais animais,Все для компаньонов,สัตว์เลี้ยงเสริมพลัง,Hayvan Fırsatı,Nâng cấp Linh thú,Ekstra pupil
TID_OFFER_TITLE_FULLYEQUIPPED,Fully Equipped,مجهز بالكامل,全副武装,全副武裝,Voll ausgestattet,Equipados hasta los dientes,کاملاً مجهز,Täysi varustus,Tout équipé,Perlengkapan Lengkap,Equipaggiati fino ai denti,完全完璧装備,완전 무장,Pelengkapan Penuh,Volledig uitgerust,Fullt utrustet,Equipamento completo,Полная экипировка,อุปกรณ์จัดเต็ม,Ekipman Teklifi,Trang bị đầy đủ,Pełne wyposażenie
TID_OFFER_TITLE_BUSYBLACKSMITH,Busy Blacksmith,الحداد المتفاني,忙碌铁匠,忙碌鐵匠,Deines Glückes Schmied,Herrería próspera,آهنگر تلاش‌گر,Ahkera ahjo,Fou de la forge,Pandai Besi Pandai,Fabbro laborioso,鍛冶屋の大繁盛,바쁜 대장간,Tukang Besi Sibuk,Drukbezette smid,Travel smed,Ferreiro atarefado,Сырье для плавильни,ช่างตีเหล็กแสนยุ่ง,Demirci Fırsatı,Lò rèn bận rộn,Zapracowany kowal
TID_OFFER_TITLE_HANDFULOFGEMS,Handful of Gems,حفنة جواهر,一把宝石,一把寶石,Handvoll Juwelen,Puñado de gemas,یک مشت جواهر,Kourallinen jalokiviä,Poignée de gemmes,Segenggam Permata,Manciata di gemme,少量のエメラルド,보석 한 줌,Saku Penuh Permata,Handjevol edelstenen,En håndfull juveler,Punhado de gemas,Горка кристаллов,อัญมณีหนึ่งกำ,Avuç Dolusu Taş,Một ít Ngọc,Garstka klejnotów
TID_OFFER_TITLE_GEMSFRIENDS,Gems & Friends,الجواهر والأصدقاء,宝石与好友,寶石與好友,Juwelen und Co.,Gemas y compañía,جواهر و دوستان,Jalokiviä ynnä muuta,Des amis et des gemmes,Permata dan Teman,Gemme e altri preziosi,エメラルドと仲間たち,보석과 친구들,Permata & Rakan,Edelstenen en zo,Juveler og venner,Gemas e mais,Кристаллы и компания,อัญมณีและสหาย,Taşlar ve Arkadaşlar,Ngọc và các vật phẩm khác,Klejnoty i przyjaciele
TID_OFFER_TITLE_GEMSGALORE,Gems Galore,بحر الجواهر,宝石盛宴,寶石盛宴,Juwelenüberfluss,Gemas por doquier,یه عالمه جواهر,Järjettömästi jalokiviä,Gemmes à gogo,Mandi Permata,Gemme in quantità,エメラルドパーティー,넘쳐나는 보석,Permata Berlambak,Edelstenen in overvloed,Juvelbonanza,Montão de gemas,Горы кристаллов,ขุมทรัพย์อัญมณี,Taş Havuzu,Rất nhiều Ngọc,Szaleństwo klejnotów
TID_OFFER_TITLE_FIRSTSTEPS,First Steps,الخطوات الأولى,初玩特惠,歡迎特惠,Erste Schritte,Primeros pasos,اولین گام‌ها,Ensiaskeleet,Premiers pas,Langkah Pertama,Primi passi,最初の一歩,첫걸음,Langkah Pertama,Eerste stapjes,Første skritt,Empurrão inicial,Первые шаги,ก้าวแรก,İlk Adımlar,Những bước đầu tiên,Pierwsze kroki
TID_OFFER_TITLE_BEGINNERBUNDLE,Beginner Bundle,باقة المبتدئين,新手礼包,新手特惠包,Einsteigerbundle,Lote para principiantes,بسته ترکیبی مبتدیان,Aloittelijan paketti,Lot débutant,Bundel Pemula,Bundle del principiante,ビギナーズセット,초보자 번들,Pakej Pemula,Beginnersbundel,Begynnerbundel,Pacote do iniciante,Начальный набор,แพ็คผู้เริ่มต้น,Yeni Oyuncu Özel,Gói cho người mới bắt đầu,Pakiet na start
TID_OFFER_TITLE_EARLYBIRD,Early Bird,اللاعب النشيط,初阶礼包,初階特惠包,Früher Vogel,Oferta inicial,سحرخیز,Aikainen lintu,Départ en trombe,Fondasi Awal,Offerta del giocatore in erba,新米チーフセール,얼리버드,Pembelian Awal,Vroege vogel,Morgenfugl,Começando bem,Ранняя пташка,เริ่มก่อนได้ก่อน,İlk Aşamalar,Ưu đãi khởi động,Ranny ptaszek
TID_OFFER_TITLE_GETAHEAD,Get Ahead,تقدم للأمام,抢先一步,搶先一步,Durchstarten,Primer impulso,جلو زدن,Spurtti,Longueur d'avance,Paket Keunggulan,Diamoci da fare!,スタートダッシュセール,빠른 진행,Permulaan Baik,Stapje voor,Få et forsprang,Melhorando mais,Рывок вперед,เดินหน้า,Hızlı İlerleme,Tiến lên phía trước,Zdobądź przewagę
TID_OFFER_TITLE_BUILD MEUP,Build Me Up,البناء والتعمير,基地助力,基地建造,Darauf kannst du bauen,Ofertón de construcción,من را بساز,Rakenna reilusti,As du chantier,Mari Membangun,Costruzioni a più non posso,大工の拠点セール,짓고 또 짓고,Aktiviti Pembinaan,Bouwkoorts,Bygg i vei,Construindo a base,Стройка века,สร้างให้มั่น,İnşaat Teklifi,Xây dựng căn cứ,Podbuduj mnie
TID_OFFER_TITLE_BUILDERBASEBARGAIN,Builder Base Bargain,صفقة قاعدة البنّاء,建筑大师基地特惠,建築大師基地特惠,Bauarbeiterbasis-Deal,Ganga de la base del constructor,تخفیف پایگاه سازنده,Rakentajan tukikohdan tarjous,Bonne affaire ouvrière,Diskon Basis Tukang,Affare della base del costruttore,大工の拠点バーゲン,장인기지 할인,Tawaran Pangkalan Pembina,Bouwersbasis-buitenkans,Byggerens base-kupp,Oferta da base do construtor,Все для деревни строителя,ส่วนลดฐานช่างก่อสร้าง,İnşaatçı Üssü Fırsatı,Ưu đãi cho Căn cứ Thợ xây,Okazja Bazy Budowniczego
TID_OFFER_TITLE_EXTRAHANDS,Extra Hands,الأيادي الإضافية,人手多多,人手多多,Extrahände,Mano de obra adicional,دست‌های اضافی,Ylimääräiset käsiparit,Équipe de choc,Pekerja Tambahan,Forza lavoro extra,人員補強,늘어난 일손,Bantuan Tambahan,Extra handen,Ekstrahjelp,Mãos a mais,Дополнительные руки,ผู้ช่วยเหลือพิเศษ,Ek Yardım,Thêm người hỗ trợ,Ekstra ręce
TID_OFFER_TITLE_HYPERHERO,Hyper Hero,البطل المتحمس,超级英雄,超級英雄,Sagenhaft Heldenhaft,Oferta heroica,هایپر قهرمان,Hypersankari,Aubaine héroïque,Pahlawan Super,Offerta eroica,ハイパーヒーロー,하이퍼 영웅,Tokoh Wira,Hyperheld,Hyperhelt,Hiper-herói,Гипергеройская акция,ผู้กล้าไฮเปอร์,Kahraman Teklifi,Siêu ưu đãi cho Tướng,Hiperheros
TID_OFFER_TITLE_RAWPOWER,Raw Power!,القوة الخالصة,原始力量！,原始力量！,Rohe Power!,¡Poder sin igual!,قدرت ناآزموده!,Raakaa voimaa!,Puissance brute !,Kekuatan!,Una marcia in più!,あふれ出るパワー！,놀라운 혜택!,Demi Kuasa!,Pure power!,Rå kraft!,Puro poder!,Выгодно!,พลังเถื่อน!,Gücüne Güç Kat!,Sức mạnh nguyên thủy!,Czysta moc!
TID_OFFER_TITLE_THEREALDEAL,The Real Deal! ,المكسب الحقيقي ,绝对超值！,絕對超值！,Einzigartiges Angebot! ,¡Una oferta increíble! ,معامله واقعی! ,Mikä diili! ,L'affaire du siècle ! ,Paling Untung!,Superconvenienza! ,超お得！,최고의 핫딜! ,Tawaran Sebenar! ,Het echte werk! ,Et uslåelig tilbud! ,Melhor oferta! ,Ценная акция! ,ดีลจริงไม่มีหลอก! ,Güzel Teklif! ,Ưu đãi cực hấp dẫn! ,Prawdziwa okazja! 
TID_OFFER_TITLE_BUILDERPOTION,Free Builder Potion,جرعة بنّاء مجانية,免费建筑工人药水,免費建築工人藥水,Kostenloser Bauarbeitertrank,Pócima del constructor gratis,معجون سازنده رایگان,Ilmainen rakentajan rohto,Potion de l'ouvrier gratuite,Ramuan Tukang Gratis,Pozione del costruttore gratuita,無料大工ポーション,무료 장인 포션,Posyen Pembina Percuma,Gratis bouwvakkersdrankje,Gratis byggerens drikk,Poção do construtor grátis,Бесплатное зелье строителя,น้ำยาช่างก่อสร้างฟรี,Ücretsiz İnşaatçı İksiri,Thuốc Thợ xây miễn phí,Darmowy eliksir konstruktora
TID_OFFER_TITLE_HAPPYVAL,Happy Valentine's Day!,احتفال الفالانتاين!,情人节快乐！,情人節快樂！,Frohen Valentinstag!,¡Feliz Día de San Valentín!,روز ولنتاین مبارک!,Hyvää ystävänpäivää!,Joyeuse Saint-Valentin !,Selamat Hari Valentine!,Buon San Valentino!,ハッピーバレンタインデー！,해피 밸런타인데이!,Selamat Hari Kekasih!,Fijne Valentijnsdag!,Gledelig valentinsdag!,Feliz Valentine's Day!,С Днем святого Валентина!,สุขสันต์วันวาเลนไทน์!,Sevgililer Günün Kutlu Olsun!,Chúc mừng Ngày Valentine!,Wesołych Walentynek!
TID_OFFER_YOURFIRSTPURCHASE,Your First Purchase,شراؤك الأول,首次购买,第一次購買,Dein erster Kauf,Tu primera compra,اولین خرید شما,Ensimmäisen ostoksesi,Premier achat,Pembelian Pertama,Il tuo primo acquisto,初めてのお買い物,대장님의 첫 구매,Pembelian Pertama Anda,Je eerste aankoop,Ditt første kjøp,Sua primeira compra,Ваша первая покупка,การซื้อครั้งแรกของคุณ,İlk Satın Alımın,Giao dịch mua đầu tiên của bạn,Twój pierwszy zakup
TID_OFFER_YOURFIRSTDEAL,Your First Deal,صفقتك الأولى,首购特惠,首購特惠,Dein erstes Angebot,Tu primera oferta,اولین پیشنهاد ویژه شما,Ensimmäinen tarjouksesi,Première offre,Promo Pertama,La tua prima offerta,デビュー記念セール,대장님의 첫 특가,Tawaran Pertama Anda,Je eerste deal,Ditt første tilbud,Sua primeira oferta,Ваша первая акция,ดีลครั้งแรกของคุณ,İlk Fırsatın,Ưu đãi đầu tiên của bạn,Twoja pierwsza oferta
TID_OFFER_ONETIMEUNLOCK,One-Time Unlock,فتح لمرة واحدة,一次性解锁,一次性解鎖,Einmalige Freischaltung,Oportunidad única,قفل‌گشایی یک‌باره,Ainutkertainen avaaminen,Déblocage unique,Penawaran Satu Kali,Offerta irripetibile,1度きりのチャンス,일회성 잠금 해제,Buka Satu Kali,Eenmalige ontgrendeling,Engangsopplåsning,Oportunidade única,Единовременная разблокировка,ปลดล็อคครั้งเดียว,Tek Seferlik Fırsat,Mở khóa một lần,Jednorazowe odblokowanie
TID_OFFER_SPENDAGAINB,Spend Again Bonus,جائزة الإنفاق مجددًا,复购奖励,復購獎勵,Mehrfachbonus,Bonus de nueva compra,پاداش هزینه کردن مجدد,Ostoksille palaajan bonus,Bonus de nouvel achat,Bonus Belanja Lagi,Bonus per un nuovo acquisto,リピート購入特典,재구매 보너스,Bonus Beli Lagi,Bonus: terugkerende koper,Bruk igjen-bonus,Bônus de nova compra,Бонус за новую покупку,โบนัสสำหรับการซื้ออีกครั้ง,Tekrar Harcama Bonusu,Thưởng khi mua hàng lần nữa,Bonus za kolejny wydatek
TID_OFFER_FIRSTTIMEST,First-Time Stack,أول تجميعة,首购加码,首購加碼,Erstes Paket,Oferta de comienzo,بسته اولیه,Ensi kerran pino,Offre de première fois,Penawaran Perdana,Offertona per l'esordiente,初回ボーナス,첫 구매 스택,Tindanan Pertama,Bonus: eerste aankoop,Førstegangsstabel,Oferta para recém-chegados,Первое предложение,โบนัสครั้งแรก,İlk Sefere Özel Teklif,Ưu đãi mua lần đầu,Oferta początkującego
TID_OFFER_FIRSTTIMEBUN,First-Timer Bundle,باقة أول مرة,新手礼包,新手特惠包,Erstes Bundle,Lote de comienzo,بسته ترکیبی مخصوص تازه‌واردان,Ensikertalaisen paketti,Pack de première fois,Paket Pemula,Bundle dell'esordiente,初回限定セット,첫 구매 번들,Pakej Kali Pertama,Startersbundel,Nybegynnerbundel,Pacote para recém-chegados,Первый набор,แพ็คสำหรับการซื้อครั้งแรก,İlk Sefere Özel Paket,Gói dành cho người mua lần đầu,Pakiet początkującego
TID_OFFER_KICKSTARTDEAL,Kickstart Deal,صفقة البدء,起步特惠,起步特惠,Startangebot,Oferta inicial,پیشنهاد ویژه آغازین,Starttitarjous,Offre de départ,Promo Pemula,Offerta per l'esordio,スタートダッシュセール,상쾌한 출발 특가,Tawaran Permulaan,Kickstart-deal,Pangstarttilbud,Oferta inicial,Стартовая акция,ดีลเริ่มต้น,Başlangıç Teklifi,Ưu đãi khởi động,Oferta na start
TID_OFFER_SHOPPERRESUR,Shopper Resurgence,معاودة الشراء,回购狂欢,回購狂歡,Shopper-Wiederkehr,Regreso a la tienda,بازگشت خریداران,Shoppailijan uusi nousu,Résurgence d'acheteur,Kangen Belanja,Guarda chi si rivede!,復帰記念,쇼핑왕의 부활,Kebangkitan Pembeli,Koperscomeback,Shopperens oppsving,Olhe só quem voltou!,Вернувшемуся покупателю,การกลับมาซื้อใหม่,Alışverişe Dönüş,Chào mừng người mua trở lại,Powrót do zakupów
TID_OFFER_WELCOMEBACKBUN,Welcome Back Bundle,باقة الترحيب بالعودة,回归礼包,回歸特惠包,Willkommen-zurück-Bundle,Lote de bienvenida,بسته ترکیبی خوش‌آمد دوباره,Tervetuloa takaisin -paketti,Pack de bon retour,Paket Selamat Datang Kembali,Bundle di bentornato,おかえりセット,복귀 환영 번들,Pakej Selamat Kembali,Welkom terug'-bundel,Velkommen tilbake-bundel,Pacote de boas-vindas de volta,Набор к возвращению,แพ็คต้อนรับการกลับมา,Tekrar Hoş Geldin Paketi,Gói chào mừng quay lại,Pakiet „Witamy z powrotem”
TID_OFFER_RETURNDEAL,Return Deal,صفقة العودة,回归特惠,回歸特惠,Rückkehrangebot,Oferta de regreso,پیشنهاد ویژه بازگشت,Paluutarjous,Offre de retour,Promo Main Kembali,Offerta di bentornato,再会セール,복귀 특가,Tawaran Pengembalian,Terugkomst-deal,Tilbakekomsttilbud,Oferta de retorno,Акция к возвращению,ดีลสำหรับการกลับมา,Geri Dönüş Teklifi,Ưu đãi chào mừng quay lại,Oferta na powrót
TID_DIAMOND_BUNDLE_BUILDER,Builder Pack,حزمة البنّاء,建筑工人礼包,建築工人特惠包,Bauarbeiterpaket,Lote de constructor,بسته سازنده,Rakentajapaketti,Pack ouvrier,Paket Tukang,Pacchetto costruttore,大工パック,장인 팩,Pek Pembina,Bouwvakkerspakket,Byggepakke,Pacote do Construtor,Набор строителя,แพ็คก่อสร้าง,İnşaatçı Paketi,Gói Thợ xây,Pakiet Budowniczego
